-- --------------------------------------------------------
-- Host:                         input-hostile.mxoemu.com
-- Server Version:               5.6.17-log - MySQL Community Server (GPL)
-- Server Betriebssystem:        Win64
-- HeidiSQL Version:             9.4.0.5125
-- --------------------------------------------------------

/*!40101 SET @OLD_CHARACTER_SET_CLIENT=@@CHARACTER_SET_CLIENT */;
/*!40101 SET NAMES utf8 */;
/*!50503 SET NAMES utf8mb4 */;
/*!40014 SET @OLD_FOREIGN_KEY_CHECKS=@@FOREIGN_KEY_CHECKS, FOREIGN_KEY_CHECKS=0 */;
/*!40101 SET @OLD_SQL_MODE=@@SQL_MODE, SQL_MODE='NO_AUTO_VALUE_ON_ZERO' */;

-- Exportiere Struktur von Tabelle reality_hd.buddylist
CREATE TABLE IF NOT EXISTS `buddylist` (
  `id` int(11) NOT NULL AUTO_INCREMENT,
  `charId` int(11) NOT NULL,
  `friendId` int(11) NOT NULL,
  `is_ignored` tinyint(4) NOT NULL DEFAULT '0',
  `deleted_at` datetime DEFAULT NULL,
  PRIMARY KEY (`id`)
) ENGINE=InnoDB AUTO_INCREMENT=2 DEFAULT CHARSET=latin1;

-- Exportiere Daten aus Tabelle reality_hd.buddylist: ~1 rows (ungefähr)
/*!40000 ALTER TABLE `buddylist` DISABLE KEYS */;
INSERT IGNORE INTO `buddylist` (`id`, `charId`, `friendId`, `is_ignored`, `deleted_at`) VALUES
	(1, 3, 53, 0, NULL);
/*!40000 ALTER TABLE `buddylist` ENABLE KEYS */;

-- Exportiere Struktur von Tabelle reality_hd.characters
CREATE TABLE IF NOT EXISTS `characters` (
  `charId` bigint(11) unsigned NOT NULL AUTO_INCREMENT,
  `userId` int(11) unsigned NOT NULL,
  `worldId` smallint(5) unsigned NOT NULL,
  `status` tinyint(3) unsigned NOT NULL COMMENT 'transit/banned',
  `handle` varchar(32) NOT NULL,
  `firstName` varchar(32) NOT NULL,
  `lastName` varchar(32) NOT NULL,
  `background` varchar(1024) DEFAULT '',
  `x` float NOT NULL DEFAULT '17020',
  `y` float NOT NULL DEFAULT '495',
  `z` float NOT NULL DEFAULT '2693',
  `rotation` mediumint(11) NOT NULL DEFAULT '139',
  `healthC` mediumint(11) NOT NULL DEFAULT '500',
  `healthM` mediumint(11) NOT NULL DEFAULT '500',
  `innerStrC` mediumint(11) NOT NULL DEFAULT '200',
  `innerStrM` mediumint(11) NOT NULL DEFAULT '200',
  `level` mediumint(11) NOT NULL DEFAULT '1',
  `profession` smallint(6) NOT NULL DEFAULT '2',
  `alignment` smallint(6) NOT NULL DEFAULT '0',
  `pvpflag` smallint(6) NOT NULL DEFAULT '0',
  `exp` int(11) NOT NULL DEFAULT '0',
  `cash` int(11) NOT NULL DEFAULT '1000',
  `repMero` int(11) NOT NULL,
  `repMachine` int(11) NOT NULL,
  `repNiobe` int(11) NOT NULL,
  `repEPN` int(11) NOT NULL,
  `repCYPH` int(11) NOT NULL,
  `repGM` int(11) NOT NULL,
  `repZion` int(11) NOT NULL,
  `district` varchar(256) NOT NULL DEFAULT 'slums',
  `districtId` tinyint(3) unsigned NOT NULL DEFAULT '1' COMMENT 'Default must be changed to 0 (tutorial) later',
  `factionId` mediumint(8) unsigned NOT NULL DEFAULT '0',
  `crewId` mediumint(8) unsigned NOT NULL DEFAULT '0',
  `is_deleted` int(11) NOT NULL DEFAULT '0',
  `is_online` tinyint(4) NOT NULL DEFAULT '0',
  `created` datetime NOT NULL,
  PRIMARY KEY (`charId`),
  KEY `handle` (`handle`)
) ENGINE=MyISAM AUTO_INCREMENT=114 DEFAULT CHARSET=latin1;

-- Exportiere Daten aus Tabelle reality_hd.characters: 23 rows
/*!40000 ALTER TABLE `characters` DISABLE KEYS */;
INSERT IGNORE INTO `characters` (`charId`, `userId`, `worldId`, `status`, `handle`, `firstName`, `lastName`, `background`, `x`, `y`, `z`, `rotation`, `healthC`, `healthM`, `innerStrC`, `innerStrM`, `level`, `profession`, `alignment`, `pvpflag`, `exp`, `cash`, `repMero`, `repMachine`, `repNiobe`, `repEPN`, `repCYPH`, `repGM`, `repZion`, `district`, `districtId`, `factionId`, `crewId`, `is_deleted`, `is_online`, `created`) VALUES
	(2, 28, 1, 0, 'TheNeo', 'Mr', 'Neo', 'Has all shit loaded for Development! YEAH!', 78808, 85, 19226, 138, 500, 500, 200, 200, 50, 2, 0, 0, 314625000, 987654321, 0, 0, 0, 0, 0, 0, 100, 'slums', 1, 0, 0, 0, 0, '0000-00-00 00:00:00'),
	(3, 28, 1, 0, 'TheLevelOne', 'Testing', 'Chat', 'Just testing', 27075, 495, 13977, 31, 500, 500, 200, 200, 20, 2, 1, 0, 19350000, 100000, 20, -50, -10, -5, -100, 200, 10, 'slums', 1, 0, 0, 0, 0, '0000-00-00 00:00:00'),
	(4, 28, 1, 0, 'SexyGal', 'Sexy', 'Gal', 'This is a sexy gal boyz', -6127, 1894, 1428, 38, 500, 1500, 200, 200, 17, 8, 1, 0, 1337, 987654321, 0, 0, 0, 0, 0, 0, 0, 'downtown', 2, 0, 0, 1, 0, '0000-00-00 00:00:00'),
	(56, 28, 1, 0, 'TheTesterChar2', '', '', '', 17020, 495, 2693, 139, 500, 500, 200, 200, 1, 2, 0, 0, 0, 1000, 0, 0, 0, 0, 0, 0, 0, 'slums', 1, 0, 0, 1, 0, '2016-03-12 00:27:19'),
	(111, 48, 1, 0, 'LaurinHill', 'Laurin', 'Hill', 'That Thing', 17020, 495, 2693, 139, 500, 500, 200, 200, 1, 2, 0, 0, 0, 1000, 0, 0, 0, 0, 0, 0, 0, 'slums', 1, 0, 0, 0, 0, '2017-01-28 12:17:36'),
	(54, 28, 1, 0, 'TheTestChar', '', '', '', 17020, 495, 2693, 139, 500, 500, 200, 200, 1, 2, 0, 0, 0, 1000, 0, 0, 0, 0, 0, 0, 0, 'slums', 1, 0, 0, 1, 0, '2016-03-09 20:06:14'),
	(53, 33, 1, 0, 'TheSecondTester', 'Testing', 'Chat', 'Just testing', -30111, 95, -48204, 72, 500, 100, 200, 200, 10, 2, 1, 0, 500000, 100000, 20, -50, -10, -5, -100, 200, 10, 'slums', 1, 0, 0, 1, 0, '0000-00-00 00:00:00'),
	(113, 33, 1, 0, 'Trinitys', 'TheTrin', 'inity', 'Based on a Women thing', 78786, 85, 18710, 231, 500, 500, 200, 200, 20, 2, 0, 0, 22522500, 987654321, 0, 0, 0, 0, 0, 0, 0, 'slums', 1, 0, 0, 0, 0, '2017-03-07 16:03:19'),
	(110, 28, 1, 0, 'CSR_Tester', 'dasd', 'asd', 'asdasd', 76211, 485, 16109, 119, 500, 500, 200, 200, 1, 2, 0, 0, 0, 1000, 0, 0, 0, 0, 0, 0, 0, 'slums', 1, 0, 0, 0, 0, '2016-03-15 13:21:02'),
	(109, 28, 1, 0, 'TingleTangleBob', 'TheBob', 'Tingle', 'Tester', 17020, 495, 2693, 139, 500, 500, 200, 200, 1, 2, 0, 0, 0, 1000, 0, 0, 0, 0, 0, 0, 0, 'slums', 1, 0, 0, 1, 0, '2016-03-15 13:17:37'),
	(108, 28, 1, 0, 'Tester', 'Tester', 'Tester', 'Tester', 17020, 495, 2693, 139, 500, 500, 200, 200, 1, 2, 0, 0, 0, 1000, 0, 0, 0, 0, 0, 0, 0, 'slums', 1, 0, 0, 1, 0, '2016-03-15 13:07:20'),
	(107, 28, 1, 0, 'Tester', 'Tester', 'Tester', 'Tester', 17020, 495, 2693, 139, 500, 500, 200, 200, 1, 2, 0, 0, 0, 1000, 0, 0, 0, 0, 0, 0, 0, 'slums', 1, 0, 0, 1, 0, '2016-03-15 12:57:52'),
	(106, 28, 1, 0, 'Tester', 'Tester', 'Tester', 'Tester', 17020, 495, 2693, 139, 500, 500, 200, 200, 1, 2, 0, 0, 0, 1000, 0, 0, 0, 0, 0, 0, 0, 'slums', 1, 0, 0, 1, 0, '2016-03-15 12:55:41'),
	(105, 28, 1, 0, 'Tester', 'Tester', 'Tester', 'TEster\n\r', 17020, 495, 2693, 139, 500, 500, 200, 200, 1, 2, 0, 0, 0, 1000, 0, 0, 0, 0, 0, 0, 0, 'slums', 1, 0, 0, 1, 0, '2016-03-15 12:54:03'),
	(103, 28, 1, 0, 'TheBunny', 'AndSexy', 'Gal', 'Dude', 17020, 495, 2693, 139, 500, 500, 200, 200, 1, 2, 0, 0, 0, 1000, 0, 0, 0, 0, 0, 0, 0, 'slums', 1, 0, 0, 1, 0, '2016-03-14 21:50:39'),
	(104, 28, 1, 0, 'Tester', 'TEster', 'Tester', 'Tester', 17020, 495, 2693, 139, 500, 500, 200, 200, 1, 2, 0, 0, 0, 1000, 0, 0, 0, 0, 0, 0, 0, 'slums', 1, 0, 0, 1, 0, '2016-03-15 12:28:42'),
	(102, 28, 1, 0, 'TheTestBabe', 'Babes', 'Name', 'Test', 17020, 495, 2693, 139, 500, 500, 200, 200, 1, 2, 0, 0, 0, 1000, 0, 0, 0, 0, 0, 0, 0, 'slums', 1, 0, 0, 1, 0, '2016-03-14 17:23:22'),
	(101, 28, 1, 0, 'Tester', 'Tester', 'Tester', 'Tester', 17020, 495, 2693, 139, 500, 500, 200, 200, 1, 2, 0, 0, 0, 1000, 0, 0, 0, 0, 0, 0, 0, 'slums', 1, 0, 0, 1, 0, '2016-03-14 17:13:26'),
	(100, 28, 1, 0, 'Lady', '', '', '', 17020, 495, 2693, 139, 500, 500, 200, 200, 1, 2, 0, 0, 0, 1000, 0, 0, 0, 0, 0, 0, 0, 'slums', 1, 0, 0, 1, 0, '2016-03-14 17:10:34'),
	(99, 28, 1, 0, 'FunkyStyle', '', '', '', 17020, 495, 2693, 139, 500, 500, 200, 200, 1, 2, 0, 0, 0, 1000, 0, 0, 0, 0, 0, 0, 0, 'slums', 1, 0, 0, 1, 0, '2016-03-14 17:08:44'),
	(98, 28, 1, 0, 'PunkTester10', '', '', '', 17020, 495, 2693, 139, 500, 500, 200, 200, 1, 2, 0, 0, 0, 1000, 0, 0, 0, 0, 0, 0, 0, 'slums', 1, 0, 0, 1, 0, '2016-03-14 15:51:02'),
	(97, 33, 1, 0, 'TesterArchive', 'Tester', 'Tester', 'Tester', 9606, 495, 1585, 209, 500, 500, 200, 200, 1, 2, 0, 0, 0, 1000, 0, 0, 0, 0, 0, 0, 0, 'archive02', 5, 0, 0, 0, 0, '2016-03-14 15:46:41'),
	(96, 28, 1, 0, 'TestPunk', '', '', '', 17020, 495, 2693, 139, 500, 500, 200, 200, 1, 2, 0, 0, 0, 1000, 0, 0, 0, 0, 0, 0, 0, 'slums', 1, 0, 0, 1, 0, '2016-03-14 15:16:24');
/*!40000 ALTER TABLE `characters` ENABLE KEYS */;

-- Exportiere Struktur von Tabelle reality_hd.char_abilities
CREATE TABLE IF NOT EXISTS `char_abilities` (
  `id` int(10) unsigned NOT NULL AUTO_INCREMENT,
  `char_id` int(10) unsigned NOT NULL,
  `slot` int(11) NOT NULL,
  `ability_id` bigint(11) NOT NULL,
  `level` int(10) unsigned NOT NULL,
  `is_loaded` tinyint(1) NOT NULL DEFAULT '0',
  `ability_name` varchar(255) NOT NULL,
  `added` datetime NOT NULL DEFAULT CURRENT_TIMESTAMP,
  PRIMARY KEY (`id`)
) ENGINE=InnoDB AUTO_INCREMENT=673 DEFAULT CHARSET=utf8;

-- Exportiere Daten aus Tabelle reality_hd.char_abilities: ~491 rows (ungefähr)
/*!40000 ALTER TABLE `char_abilities` DISABLE KEYS */;
INSERT IGNORE INTO `char_abilities` (`id`, `char_id`, `slot`, `ability_id`, `level`, `is_loaded`, `ability_name`, `added`) VALUES
	(1, 3, 0, -2147481600, 50, 1, 'Awaken', '2012-01-11 15:23:32'),
	(2, 3, 1, -2147367936, 2, 1, 'CombatInsightAbility', '2012-01-11 15:23:32'),
	(3, 3, 2, -2147294208, 0, 0, 'Intense', '2012-01-11 15:25:42'),
	(6, 3, 3, -2147350528, 0, 1, 'HinderingShotAbility', '2012-01-11 17:15:23'),
	(7, 3, 4, -2147281920, 0, 1, 'Headbut Ability', '2012-01-12 06:53:21'),
	(8, 3, 5, -2147280896, 0, 0, 'CheapShotAbility', '2012-01-12 06:53:21'),
	(21, 3, 6, -2147437568, 2, 1, 'ExecuteProgramAbility', '2012-01-20 21:24:03'),
	(22, 3, 7, -2147425280, 0, 1, 'LogicBlast1Ability', '2012-01-20 21:24:03'),
	(23, 3, 8, -2147404800, 0, 1, 'RestoreHealth1Ability', '2012-01-20 21:27:40'),
	(24, 3, 9, -2147445760, 50, 1, 'WriteCodeAbility', '2012-01-20 21:27:40'),
	(25, 3, 10, -2146493440, 0, 1, 'Mobius Code', '2012-02-02 16:11:42'),
	(26, 3, 11, -2146453504, 20, 1, 'Hacker Style', '2012-02-02 16:13:21'),
	(27, 3, 12, -2147472384, 30, 1, 'HyperJump', '2012-02-02 16:14:27'),
	(28, 3, 13, -2147295232, 20, 1, 'Hyper Sprint', '2012-02-02 16:17:04'),
	(128, 3, 14, -2147466240, 1, 1, '', '2014-05-22 20:51:57'),
	(129, 3, 2, -2147364864, 1, 0, '', '0000-00-00 00:00:00'),
	(130, 2, 1, -2147295232, 1, 0, 'HyperSprintAbility', '2016-02-10 21:31:13'),
	(132, 2, 0, -2147481600, 50, 1, ' \'Awaken\'', '2016-02-10 21:58:09'),
	(133, 2, 1, -2147367936, 2, 0, ' \'CombatInsightAbility\'', '2016-02-10 21:58:09'),
	(134, 2, 2, -2147294208, 0, 0, ' \'Intense\'', '2016-02-10 21:58:09'),
	(135, 2, 3, -2147350528, 0, 0, ' \'HinderingShotAbility\'', '2016-02-10 21:58:09'),
	(136, 2, 4, -2147281920, 0, 1, ' \'Headbut Ability\'', '2016-02-10 21:58:09'),
	(137, 2, 5, -2147280896, 0, 1, ' \'CheapShotAbility\'', '2016-02-10 21:58:09'),
	(138, 2, 6, -2147437568, 2, 1, ' \'E2ecuteProgramAbility\'', '2016-02-10 21:58:09'),
	(139, 2, 7, -2147425280, 0, 0, ' \'LogicBlast1Ability\'', '2016-02-10 21:58:09'),
	(140, 2, 8, -2147404800, 0, 1, ' \'RestoreHealth1Ability\'', '2016-02-10 21:58:09'),
	(141, 2, 9, -2147445760, 50, 1, '\'WriteCodeAbility', '2016-02-10 21:58:09'),
	(142, 2, 10, -2146493440, 0, 1, ' \'Mobius Code\'', '2016-02-10 21:58:09'),
	(143, 2, 11, -2146453504, 20, 1, ' \'Hacker Style\'', '2016-02-10 21:58:09'),
	(144, 2, 13, -2147472384, 50, 1, ' \'HyperJump\'', '2016-02-10 21:58:09'),
	(145, 2, 14, -2147261440, 0, 1, ' \'EvadeCombatAbility\'', '2016-02-10 21:58:09'),
	(146, 2, 15, -2147471360, 0, 1, ' \'HyperSpeedAbility\'', '2016-02-10 21:58:09'),
	(147, 2, 16, -2147471360, 0, 1, ' \'HyperSpeedAbility\'', '2016-02-10 21:58:09'),
	(148, 2, 17, -2147364864, 0, 0, ' \'OverhandSmashAbility\'', '2016-02-10 21:58:09'),
	(149, 2, 18, -2147295232, 20, 1, ' \'Hyper Sprint\'', '2016-02-10 21:58:09'),
	(150, 2, 22, -2147473408, 0, 0, ' HyperDodgeAbility', '2016-02-10 21:58:09'),
	(151, 2, 19, -2146451456, 5, 1, ' \'CoderCombatStyleAbility\'', '2016-02-10 21:58:09'),
	(152, 2, 20, -2147456000, 5, 1, ' \'RemotePro2y1Ability\'', '2016-02-10 21:58:09'),
	(153, 2, 21, -2147465216, 0, 1, ' \'CoderAbility\'', '2016-02-10 21:58:09'),
	(154, 2, 22, -2147465216, 0, 1, ' \'CoderAbility\'', '2016-02-10 21:58:09'),
	(155, 2, 23, -2147465216, 0, 1, ' \'CoderAbility\' ', '2016-02-10 21:58:09'),
	(156, 2, 24, -2147465216, 0, 0, ' \'CoderAbility\'', '2016-02-10 21:58:09'),
	(157, 2, 25, -2147418112, 0, 1, ' \'NetworkHackerAbility\'', '2016-02-10 21:58:09'),
	(158, 2, 26, -2147437568, 0, 0, ' \'E2ecuteProgramAbility\'', '2016-02-10 21:58:09'),
	(159, 2, 27, -2147436544, 0, 0, ' \'FastHealing1Ability\'', '2016-02-10 21:58:09'),
	(160, 2, 28, -2147435520, 0, 0, ' \'FreezeArea1Ability\'', '2016-02-10 21:58:09'),
	(161, 2, 29, -2147434496, 0, 0, ' \'FreezeSystem1Ability\'', '2016-02-10 21:58:09'),
	(162, 2, 30, -2147433472, 0, 1, ' \'GaussianBlur1Ability\'', '2016-02-10 21:58:09'),
	(163, 2, 31, -2147432448, 0, 1, ' \'GroupRepairs2Ability\'', '2016-02-10 21:58:09'),
	(164, 2, 32, -2147431424, 0, 0, ' \'GuardianHealerAbility\'', '2016-02-10 21:58:09'),
	(165, 2, 33, -2147430400, 0, 1, ' \'HackerAbility\'', '2016-02-10 21:58:09'),
	(166, 2, 34, -2147429376, 0, 0, ' \'HarmfulCodeAbility\'', '2016-02-10 21:58:09'),
	(167, 2, 35, -2147428352, 0, 0, ' \'RestoreHealth4Ability\'', '2016-02-10 21:58:09'),
	(168, 2, 36, -2147427328, 0, 1, ' \'HealerAbility\'', '2016-02-10 21:58:09'),
	(169, 2, 37, -2147426304, 0, 1, ' \'GroupRepairs1Ability\'', '2016-02-10 21:58:09'),
	(170, 2, 38, -2147425280, 0, 1, ' \'LogicBlast1Ability\'', '2016-02-10 21:58:09'),
	(171, 2, 39, -2147424256, 0, 1, ' \'LogicBlast2Ability\'', '2016-02-10 21:58:09'),
	(172, 2, 40, -2147423232, 0, 0, ' \'LogicBlast3Ability\'', '2016-02-10 21:58:09'),
	(173, 2, 41, -2147422208, 0, 0, ' \'LogicBomb1Ability\'', '2016-02-10 21:58:09'),
	(174, 2, 42, -2147421184, 0, 0, ' \'Miasma1Ability\'', '2016-02-10 21:58:09'),
	(175, 2, 43, -2147420160, 0, 1, ' \'MovementAccelerator1Ability\'', '2016-02-10 21:58:09'),
	(176, 2, 44, -2147419136, 0, 1, ' \'NetworkFirewall1Ability\'', '2016-02-10 21:58:09'),
	(177, 2, 45, -2147418112, 0, 0, ' \'NetworkHackerAbility\'', '2016-02-10 21:58:09'),
	(178, 2, 46, -2147417088, 0, 0, ' \'Overheat1Ability\'', '2016-02-10 21:58:09'),
	(179, 2, 47, -2147416064, 0, 0, ' \'Overload1Ability\'', '2016-02-10 21:58:09'),
	(180, 2, 48, -2147415040, 0, 0, ' \'PathogenistAbility\'', '2016-02-10 21:58:09'),
	(181, 2, 49, -2147414016, 0, 0, ' \'PersonalFirewall1Ability\'', '2016-02-10 21:58:09'),
	(182, 2, 50, -2147412992, 0, 0, ' \'ProcessorLag1Ability\'', '2016-02-10 21:58:09'),
	(183, 2, 51, -2147411968, 15, 0, ' \'QuickRecoveryAbility\'', '2016-02-10 21:58:09'),
	(184, 2, 52, -2147410944, 20, 1, ' \'RepairAndUpgradeAbility\'', '2016-02-10 21:58:09'),
	(185, 2, 53, -2147409920, 0, 1, ' \'ResistCombat1Ability\'', '2016-02-10 21:58:09'),
	(186, 2, 54, -2147408896, 0, 0, ' \'ResistContagionAbility\'', '2016-02-10 21:58:09'),
	(187, 2, 55, -2147407872, 15, 1, ' \'ResistDamageAbility\'', '2016-02-10 21:58:09'),
	(188, 2, 56, -2147406848, 15, 0, ' \'ResistInfectionAbility\'', '2016-02-10 21:58:09'),
	(189, 2, 57, -2147405824, 15, 1, ' \'ResistVirusesAbility\'', '2016-02-10 21:58:09'),
	(190, 2, 58, -2147404800, 0, 1, ' \'RestoreHealth1Ability\'', '2016-02-10 21:58:09'),
	(191, 2, 59, -2147403776, 0, 0, ' \'FocusAttributeAbility\'', '2016-02-10 21:58:09'),
	(192, 2, 60, -2147402752, 0, 0, ' \'PerceptionAttributeAbility\'', '2016-02-10 21:58:09'),
	(193, 2, 61, -2147401728, 0, 1, ' \'RestoreHealth2Ability\'', '2016-02-10 21:58:09'),
	(194, 2, 62, -2147400704, 0, 0, ' \'ReasonAttributeAbility\'', '2016-02-10 21:58:09'),
	(195, 2, 63, -2147399680, 0, 0, ' \'BeliefAttributeAbility\'', '2016-02-10 21:58:09'),
	(196, 2, 64, -2147398656, 0, 0, ' \'SelectivePhageAbility\'', '2016-02-10 21:58:09'),
	(197, 2, 65, -2147397632, 0, 0, ' \'VitalityAttributeAbility\'', '2016-02-10 21:58:09'),
	(198, 2, 66, -2147396608, 0, 0, ' \'MezAbility\'', '2016-02-10 21:58:09'),
	(199, 2, 67, -2147395584, 0, 1, ' \'Slow1Ability\'', '2016-02-10 21:58:09'),
	(200, 2, 68, -2147394560, 0, 0, ' \'HasteAbility\'', '2016-02-10 21:58:09'),
	(201, 0, 0, 0, 0, 0, '', '2016-02-10 21:58:09'),
	(258, 2, 69, -2147446784, 0, 1, 'TinkeringAbility', '2016-02-13 01:32:38'),
	(259, 2, 70, 2147452928, 0, 0, 'RepairSimulacra1Ability', '2016-02-13 01:33:00'),
	(260, 2, 71, -2147451904, 0, 1, 'RepairSimulacra2Ability', '2016-02-13 01:33:26'),
	(261, 2, 72, -2147460096, 15, 1, 'DeflectCodeAbility', '2016-02-13 01:35:21'),
	(262, 2, 73, -2147461120, 0, 1, 'LogicDaemon1Ability', '2016-02-13 01:42:44'),
	(263, 2, 74, -2147456000, 0, 0, 'RemoteProxy1Ability', '2016-02-13 01:43:23'),
	(264, 2, 75, -2147463168, 0, 1, 'FortifySimulacra1Ability', '2016-02-13 01:43:51'),
	(265, 2, 76, -2147449856, 0, 0, 'StaticBlast1Ability', '2016-02-13 01:45:20'),
	(266, 2, 77, -2147450880, 20, 0, 'RunProgramAbility', '2016-02-13 01:45:38'),
	(267, 2, 78, -2147448832, 0, 0, 'StopProxy1Ability', '2016-02-13 01:46:12'),
	(268, 2, 79, -2147447808, 0, 1, 'CodeShaperAbility', '2016-02-13 01:46:30'),
	(269, 2, 80, -2147454976, 0, 1, 'RemoteProxy2Ability', '2016-02-13 01:47:10'),
	(270, 2, 81, -2147453952, 0, 0, 'RemoteProxy3Ability', '2016-02-13 01:47:21'),
	(271, 2, 82, -2147462144, 0, 0, 'Lockdown1Ability', '2016-02-13 01:48:42'),
	(272, 2, 83, -2147458048, 0, 0, 'PowerBoost1Ability', '2016-02-13 01:48:32'),
	(273, 2, 84, -2146884608, 30, 0, 'RunAdvancedProgramAbility', '2016-02-13 01:49:35'),
	(274, 2, 85, -2146881536, 0, 0, 'Enrage1Ability', '2016-02-13 01:50:02'),
	(275, 2, 86, -2146883584, 0, 0, 'RemoteProxy4Ability', '2016-02-13 01:50:25'),
	(276, 2, 87, -2146880512, 0, 0, 'ProxyTechnicianAbility', '2016-02-13 01:50:59'),
	(277, 2, 88, -2146879488, 0, 0, 'StaticBlast2Ability', '2016-02-13 01:52:02'),
	(278, 2, 89, -2146878464, 0, 0, 'StaticBlast3Ability', '2016-02-13 01:52:14'),
	(279, 2, 90, -2146875392, 0, 0, 'RemoteProxy5Ability', '2016-02-13 01:53:08'),
	(280, 2, 91, -2147457024, 0, 0, 'ProxyCoderAbility', '2016-02-13 01:57:32'),
	(281, 2, 92, -2146876416, 0, 0, 'TransmitCodeAbility', '2016-02-13 01:58:15'),
	(282, 2, 93, -2146871296, 0, 0, 'StaticBlast4Ability', '2016-02-13 01:59:14'),
	(283, 2, 94, -2146870272, 0, 0, 'ProxyMasterAbility', '2016-02-13 01:59:36'),
	(284, 2, 95, -2146872320, 0, 0, 'Enrage2Ability', '2016-02-13 02:00:04'),
	(285, 2, 96, -2147386368, 15, 1, 'TransmitVirusAbility', '2016-02-13 02:04:46'),
	(286, 2, 97, -2147385344, 0, 1, 'PowerlessAbility', '2016-02-13 02:05:46'),
	(287, 2, 98, -2147384320, 0, 1, 'UILag1Ability', '2016-02-13 02:06:10'),
	(288, 2, 99, -2147383296, 0, 1, 'ViralAttackerAbility', '2016-02-13 02:06:32'),
	(289, 2, 100, -2147382272, 0, 0, 'RootedAbility', '2016-02-13 02:07:02'),
	(290, 2, 101, -2147439616, 0, 1, 'DisruptInputs1Ability', '2016-02-13 02:13:30'),
	(291, 2, 102, -2147442688, 0, 1, 'CodeFreeze1Ability', '2016-02-13 02:13:53'),
	(292, 2, 103, -2147441664, 0, 0, 'CodeFreeze2Ability', '2016-02-13 02:14:10'),
	(293, 2, 104, -2147440640, 0, 1, 'CombatAura1Ability', '2016-02-13 02:15:07'),
	(294, 2, 105, -2147438592, 0, 1, 'DownloadMissionMapAbility', '2016-02-13 02:15:26'),
	(295, 2, 106, -2147443712, 0, 0, 'BolsterHealth1Ability', '2016-02-13 02:15:57'),
	(296, 2, 107, -2147310592, 0, 1, 'EmergencyRepairs1Ability', '2016-02-13 02:16:30'),
	(297, 2, 108, -2147309568, 0, 1, 'PassiveCodeAbility', '2016-02-13 02:16:42'),
	(298, 2, 109, -2147306496, 0, 0, 'CombatEnhancement1Ability', '2016-02-13 02:16:59'),
	(299, 2, 110, -2147167232, 30, 0, 'StandOffAbility', '2016-02-13 02:17:53'),
	(300, 2, 111, -2147163136, 0, 0, 'LogicCannon1Ability', '2016-02-13 02:19:19'),
	(301, 2, 112, -2147145728, 0, 0, 'LogicBarrageAbility', '2016-02-13 02:19:54'),
	(302, 2, 113, -2147146752, 0, 0, 'LogicBlast6Ability', '2016-02-13 02:20:17'),
	(303, 2, 114, -2147161088, 0, 0, 'Stun1Ability', '2016-02-13 02:20:41'),
	(304, 2, 115, -2147142656, 0, 0, 'Stun2Ability', '2016-02-13 02:20:55'),
	(305, 2, 116, -2147141632, 0, 0, 'BallistaAbility', '2016-02-13 02:21:38'),
	(306, 2, 117, -2147140608, 0, 0, 'ArtilleristAbility', '2016-02-13 02:21:50'),
	(307, 2, 118, -2147131392, 0, 0, 'CombatHackingAbility', '2016-02-13 02:22:16'),
	(308, 2, 119, -2147166208, 0, 0, 'ArbalestAbility', '2016-02-13 02:22:41'),
	(309, 2, 120, -2147162112, 0, 0, 'UpgradeAttacksAbility', '2016-02-13 02:23:16'),
	(310, 2, 121, -2147160064, 0, 0, 'DodgeAbility', '2016-02-13 02:23:30'),
	(311, 2, 122, -2147159040, 0, 0, 'PotencyAbility', '2016-02-13 02:23:45'),
	(312, 2, 123, -2147158016, 0, 0, 'UpgradeArtistAbility', '2016-02-13 02:24:17'),
	(313, 2, 124, -2147147776, 50, 0, 'CodeBranchingAbility', '2016-02-13 02:24:47'),
	(314, 2, 125, -2147444736, 0, 0, 'AreaDisruption1Ability', '2016-02-13 02:25:46'),
	(315, 2, 126, -2147129344, 30, 0, 'DedicatedCodeAbility', '2016-02-13 02:26:54'),
	(316, 2, 127, -2147394560, 1, 1, 'ViralAttackerAbility', '2016-02-13 22:23:51'),
	(317, 54, 0, -2147481600, 1, 1, '', '2016-03-09 20:06:21'),
	(318, 54, 1, -2147367936, 1, 1, '', '2016-03-09 20:06:22'),
	(319, 54, 2, -2147294208, 0, 1, '', '2016-03-09 20:06:22'),
	(320, 54, 3, -2147281920, 0, 0, '', '2016-03-09 20:06:23'),
	(321, 54, 4, -2147280896, 0, 0, '', '2016-03-09 20:06:23'),
	(322, 54, 5, -2147437568, 1, 1, '', '2016-03-09 20:06:23'),
	(323, 54, 6, -2147425280, 0, 1, '', '2016-03-09 20:06:24'),
	(324, 54, 7, -2147404800, 0, 1, '', '2016-03-09 20:06:25'),
	(325, 54, 8, -2147445760, 0, 0, '', '2016-03-09 20:06:25'),
	(326, 54, 9, -2146493440, 0, 0, '', '2016-03-09 20:06:25'),
	(327, 54, 10, -2146453504, 1, 1, '', '2016-03-09 20:06:26'),
	(328, 55, 0, -2147481600, 1, 1, '', '2016-03-09 20:32:05'),
	(329, 55, 1, -2147367936, 1, 1, '', '2016-03-09 20:32:06'),
	(330, 55, 2, -2147294208, 0, 1, '', '2016-03-09 20:32:06'),
	(331, 55, 3, -2147281920, 0, 0, '', '2016-03-09 20:32:06'),
	(332, 55, 4, -2147280896, 0, 0, '', '2016-03-09 20:32:07'),
	(333, 55, 5, -2147437568, 1, 1, '', '2016-03-09 20:32:07'),
	(334, 55, 6, -2147425280, 0, 0, '', '2016-03-09 20:32:07'),
	(335, 55, 7, -2147404800, 0, 0, '', '2016-03-09 20:32:08'),
	(336, 55, 8, -2147445760, 0, 0, '', '2016-03-09 20:32:08'),
	(337, 55, 9, -2146493440, 0, 0, '', '2016-03-09 20:32:08'),
	(338, 55, 10, -2146453504, 1, 0, '', '2016-03-09 20:32:09'),
	(339, 56, 0, -2147481600, 1, 1, '', '2016-03-12 00:28:17'),
	(340, 56, 1, -2147367936, 1, 1, '', '2016-03-12 00:28:18'),
	(341, 56, 2, -2147294208, 0, 1, '', '2016-03-12 00:28:18'),
	(342, 56, 3, -2147281920, 0, 0, '', '2016-03-12 00:28:19'),
	(343, 56, 4, -2147280896, 0, 0, '', '2016-03-12 00:28:19'),
	(344, 56, 5, -2147437568, 1, 1, '', '2016-03-12 00:28:19'),
	(345, 56, 6, -2147425280, 0, 0, '', '2016-03-12 00:28:20'),
	(346, 56, 7, -2147404800, 0, 0, '', '2016-03-12 00:28:20'),
	(347, 56, 8, -2147445760, 0, 0, '', '2016-03-12 00:28:20'),
	(348, 56, 9, -2146493440, 0, 0, '', '2016-03-12 00:28:21'),
	(349, 56, 10, -2146453504, 1, 0, '', '2016-03-12 00:28:21'),
	(350, 58, 0, -2147481600, 1, 1, '', '2016-03-12 01:20:44'),
	(351, 58, 1, -2147367936, 1, 1, '', '2016-03-12 01:20:44'),
	(352, 58, 2, -2147294208, 0, 1, '', '2016-03-12 01:20:44'),
	(353, 58, 3, -2147281920, 0, 0, '', '2016-03-12 01:20:45'),
	(354, 58, 4, -2147280896, 0, 0, '', '2016-03-12 01:20:45'),
	(355, 58, 5, -2147437568, 1, 1, '', '2016-03-12 01:20:45'),
	(356, 58, 6, -2147425280, 0, 0, '', '2016-03-12 01:20:46'),
	(357, 58, 7, -2147404800, 0, 0, '', '2016-03-12 01:20:46'),
	(358, 58, 8, -2147445760, 0, 0, '', '2016-03-12 01:20:46'),
	(359, 58, 9, -2146493440, 0, 0, '', '2016-03-12 01:20:47'),
	(360, 58, 10, -2146453504, 1, 0, '', '2016-03-12 01:20:47'),
	(361, 61, 0, -2147481600, 1, 1, '', '2016-03-12 01:28:39'),
	(362, 61, 1, -2147367936, 1, 1, '', '2016-03-12 01:28:39'),
	(363, 61, 2, -2147294208, 0, 1, '', '2016-03-12 01:28:40'),
	(364, 61, 3, -2147281920, 0, 0, '', '2016-03-12 01:28:40'),
	(365, 61, 4, -2147280896, 0, 0, '', '2016-03-12 01:28:40'),
	(366, 61, 5, -2147437568, 1, 1, '', '2016-03-12 01:28:41'),
	(367, 61, 6, -2147425280, 0, 0, '', '2016-03-12 01:28:41'),
	(368, 61, 7, -2147404800, 0, 0, '', '2016-03-12 01:28:41'),
	(369, 61, 8, -2147445760, 0, 0, '', '2016-03-12 01:28:42'),
	(370, 61, 9, -2146493440, 0, 0, '', '2016-03-12 01:28:42'),
	(371, 61, 10, -2146453504, 1, 0, '', '2016-03-12 01:28:42'),
	(372, 65, 0, -2147481600, 1, 1, '', '2016-03-12 01:57:12'),
	(373, 65, 1, -2147367936, 1, 1, '', '2016-03-12 01:57:12'),
	(374, 65, 2, -2147294208, 0, 1, '', '2016-03-12 01:57:12'),
	(375, 65, 3, -2147281920, 0, 0, '', '2016-03-12 01:57:13'),
	(376, 65, 4, -2147280896, 0, 0, '', '2016-03-12 01:57:13'),
	(377, 65, 5, -2147437568, 1, 1, '', '2016-03-12 01:57:14'),
	(378, 65, 6, -2147425280, 0, 0, '', '2016-03-12 01:57:14'),
	(379, 65, 7, -2147404800, 0, 0, '', '2016-03-12 01:57:14'),
	(380, 65, 8, -2147445760, 0, 0, '', '2016-03-12 01:57:14'),
	(381, 65, 9, -2146493440, 0, 0, '', '2016-03-12 01:57:15'),
	(382, 65, 10, -2146453504, 1, 0, '', '2016-03-12 01:57:15'),
	(383, 66, 0, -2147481600, 1, 1, '', '2016-03-12 01:58:50'),
	(384, 66, 1, -2147367936, 1, 1, '', '2016-03-12 01:58:51'),
	(385, 66, 2, -2147294208, 0, 1, '', '2016-03-12 01:58:51'),
	(386, 66, 3, -2147281920, 0, 0, '', '2016-03-12 01:58:51'),
	(387, 66, 4, -2147280896, 0, 0, '', '2016-03-12 01:58:52'),
	(388, 66, 5, -2147437568, 1, 1, '', '2016-03-12 01:58:53'),
	(389, 66, 6, -2147425280, 0, 0, '', '2016-03-12 01:58:53'),
	(390, 66, 7, -2147404800, 0, 0, '', '2016-03-12 01:58:54'),
	(391, 66, 8, -2147445760, 0, 0, '', '2016-03-12 01:58:54'),
	(392, 66, 9, -2146493440, 0, 0, '', '2016-03-12 01:58:54'),
	(393, 66, 10, -2146453504, 1, 0, '', '2016-03-12 01:58:55'),
	(394, 67, 0, -2147481600, 1, 1, '', '2016-03-12 02:00:37'),
	(395, 67, 1, -2147367936, 1, 1, '', '2016-03-12 02:00:37'),
	(396, 67, 2, -2147294208, 0, 1, '', '2016-03-12 02:00:37'),
	(397, 67, 3, -2147281920, 0, 0, '', '2016-03-12 02:00:38'),
	(398, 67, 4, -2147280896, 0, 0, '', '2016-03-12 02:00:38'),
	(399, 67, 5, -2147437568, 1, 1, '', '2016-03-12 02:00:38'),
	(400, 67, 6, -2147425280, 0, 0, '', '2016-03-12 02:00:39'),
	(401, 67, 7, -2147404800, 0, 0, '', '2016-03-12 02:00:39'),
	(402, 67, 8, -2147445760, 0, 0, '', '2016-03-12 02:00:39'),
	(403, 67, 9, -2146493440, 0, 0, '', '2016-03-12 02:00:43'),
	(404, 67, 10, -2146453504, 1, 0, '', '2016-03-12 02:00:43'),
	(405, 68, 0, -2147481600, 1, 1, '', '2016-03-12 14:48:36'),
	(406, 68, 1, -2147367936, 1, 1, '', '2016-03-12 14:48:36'),
	(407, 68, 2, -2147294208, 0, 1, '', '2016-03-12 14:48:37'),
	(408, 68, 3, -2147281920, 0, 0, '', '2016-03-12 14:48:37'),
	(409, 68, 4, -2147280896, 0, 0, '', '2016-03-12 14:48:37'),
	(410, 68, 5, -2147437568, 1, 1, '', '2016-03-12 14:48:38'),
	(411, 68, 6, -2147425280, 0, 0, '', '2016-03-12 14:48:38'),
	(412, 68, 7, -2147404800, 0, 0, '', '2016-03-12 14:48:38'),
	(413, 68, 8, -2147445760, 0, 0, '', '2016-03-12 14:48:39'),
	(414, 68, 9, -2146493440, 0, 0, '', '2016-03-12 14:48:39'),
	(415, 68, 10, -2146453504, 1, 0, '', '2016-03-12 14:48:39'),
	(416, 69, 0, -2147481600, 1, 1, '', '2016-03-12 16:33:10'),
	(417, 69, 1, -2147367936, 1, 1, '', '2016-03-12 16:33:10'),
	(418, 69, 2, -2147294208, 0, 1, '', '2016-03-12 16:33:10'),
	(419, 69, 3, -2147281920, 0, 0, '', '2016-03-12 16:33:11'),
	(420, 69, 4, -2147280896, 0, 0, '', '2016-03-12 16:33:11'),
	(421, 69, 5, -2147437568, 1, 1, '', '2016-03-12 16:33:11'),
	(422, 69, 6, -2147425280, 0, 0, '', '2016-03-12 16:33:12'),
	(423, 69, 7, -2147404800, 0, 0, '', '2016-03-12 16:33:12'),
	(424, 69, 8, -2147445760, 0, 0, '', '2016-03-12 16:33:12'),
	(425, 69, 9, -2146493440, 0, 0, '', '2016-03-12 16:33:13'),
	(426, 69, 10, -2146453504, 1, 0, '', '2016-03-12 16:33:13'),
	(427, 76, 0, -2147481600, 1, 1, '', '2016-03-12 16:51:50'),
	(428, 76, 1, -2147367936, 1, 1, '', '2016-03-12 16:51:50'),
	(429, 76, 2, -2147294208, 0, 1, '', '2016-03-12 16:51:50'),
	(430, 76, 3, -2147281920, 0, 0, '', '2016-03-12 16:51:51'),
	(431, 76, 4, -2147280896, 0, 0, '', '2016-03-12 16:51:51'),
	(432, 76, 5, -2147437568, 1, 1, '', '2016-03-12 16:51:51'),
	(433, 76, 6, -2147425280, 0, 0, '', '2016-03-12 16:51:52'),
	(434, 76, 7, -2147404800, 0, 0, '', '2016-03-12 16:51:52'),
	(435, 76, 8, -2147445760, 0, 0, '', '2016-03-12 16:51:52'),
	(436, 76, 9, -2146493440, 0, 0, '', '2016-03-12 16:51:53'),
	(437, 76, 10, -2146453504, 1, 0, '', '2016-03-12 16:51:53'),
	(438, 77, 0, -2147481600, 1, 1, '', '2016-03-12 17:02:10'),
	(439, 77, 1, -2147367936, 1, 1, '', '2016-03-12 17:02:10'),
	(440, 77, 2, -2147294208, 0, 1, '', '2016-03-12 17:02:10'),
	(441, 77, 3, -2147281920, 0, 0, '', '2016-03-12 17:02:11'),
	(442, 77, 4, -2147280896, 0, 0, '', '2016-03-12 17:02:11'),
	(443, 77, 5, -2147437568, 1, 1, '', '2016-03-12 17:02:11'),
	(444, 77, 6, -2147425280, 0, 0, '', '2016-03-12 17:02:12'),
	(445, 77, 7, -2147404800, 0, 0, '', '2016-03-12 17:02:12'),
	(446, 77, 8, -2147445760, 0, 0, '', '2016-03-12 17:02:12'),
	(447, 77, 9, -2146493440, 0, 0, '', '2016-03-12 17:02:13'),
	(448, 77, 10, -2146453504, 1, 0, '', '2016-03-12 17:02:13'),
	(449, 89, 0, -2147481600, 1, 1, '', '2016-03-14 06:41:38'),
	(450, 89, 1, -2147367936, 1, 1, '', '2016-03-14 06:41:38'),
	(451, 89, 2, -2147294208, 0, 1, '', '2016-03-14 06:41:38'),
	(452, 89, 3, -2147281920, 0, 0, '', '2016-03-14 06:41:39'),
	(453, 89, 4, -2147280896, 0, 0, '', '2016-03-14 06:41:39'),
	(454, 89, 5, -2147437568, 1, 1, '', '2016-03-14 06:41:39'),
	(455, 89, 6, -2147425280, 0, 0, '', '2016-03-14 06:41:40'),
	(456, 89, 7, -2147404800, 0, 0, '', '2016-03-14 06:41:40'),
	(457, 89, 8, -2147445760, 0, 0, '', '2016-03-14 06:41:40'),
	(458, 89, 9, -2146493440, 0, 0, '', '2016-03-14 06:41:41'),
	(459, 89, 10, -2146453504, 1, 0, '', '2016-03-14 06:41:41'),
	(460, 90, 0, -2147481600, 1, 1, '', '2016-03-14 14:18:02'),
	(461, 90, 1, -2147367936, 1, 1, '', '2016-03-14 14:18:02'),
	(462, 90, 2, -2147294208, 0, 1, '', '2016-03-14 14:18:02'),
	(463, 90, 3, -2147281920, 0, 0, '', '2016-03-14 14:18:02'),
	(464, 90, 4, -2147280896, 0, 0, '', '2016-03-14 14:18:03'),
	(465, 90, 5, -2147437568, 1, 1, '', '2016-03-14 14:18:03'),
	(466, 90, 6, -2147425280, 0, 0, '', '2016-03-14 14:18:03'),
	(467, 90, 7, -2147404800, 0, 0, '', '2016-03-14 14:18:04'),
	(468, 90, 8, -2147445760, 0, 0, '', '2016-03-14 14:18:04'),
	(469, 90, 9, -2146493440, 0, 0, '', '2016-03-14 14:18:04'),
	(470, 90, 10, -2146453504, 1, 0, '', '2016-03-14 14:18:05'),
	(471, 91, 0, -2147481600, 1, 1, '', '2016-03-14 14:20:24'),
	(472, 91, 1, -2147367936, 1, 1, '', '2016-03-14 14:20:25'),
	(473, 91, 2, -2147294208, 0, 1, '', '2016-03-14 14:20:25'),
	(474, 91, 3, -2147281920, 0, 0, '', '2016-03-14 14:20:25'),
	(475, 91, 4, -2147280896, 0, 0, '', '2016-03-14 14:20:26'),
	(476, 91, 5, -2147437568, 1, 1, '', '2016-03-14 14:20:26'),
	(477, 91, 6, -2147425280, 0, 0, '', '2016-03-14 14:20:26'),
	(478, 91, 7, -2147404800, 0, 0, '', '2016-03-14 14:20:27'),
	(479, 91, 8, -2147445760, 0, 0, '', '2016-03-14 14:20:27'),
	(480, 91, 9, -2146493440, 0, 0, '', '2016-03-14 14:20:27'),
	(481, 91, 10, -2146453504, 1, 0, '', '2016-03-14 14:20:28'),
	(482, 93, 0, -2147481600, 1, 1, '', '2016-03-14 14:42:29'),
	(483, 93, 1, -2147367936, 1, 1, '', '2016-03-14 14:42:30'),
	(484, 93, 2, -2147294208, 0, 1, '', '2016-03-14 14:42:30'),
	(485, 93, 3, -2147281920, 0, 0, '', '2016-03-14 14:42:30'),
	(486, 93, 4, -2147280896, 0, 0, '', '2016-03-14 14:42:31'),
	(487, 93, 5, -2147437568, 1, 1, '', '2016-03-14 14:42:31'),
	(488, 93, 6, -2147425280, 0, 0, '', '2016-03-14 14:42:31'),
	(489, 93, 7, -2147404800, 0, 0, '', '2016-03-14 14:42:32'),
	(490, 93, 8, -2147445760, 0, 0, '', '2016-03-14 14:42:32'),
	(491, 93, 9, -2146493440, 0, 0, '', '2016-03-14 14:42:32'),
	(492, 93, 10, -2146453504, 1, 0, '', '2016-03-14 14:42:32'),
	(493, 94, 0, -2147481600, 1, 1, '', '2016-03-14 14:48:54'),
	(494, 94, 1, -2147367936, 1, 1, '', '2016-03-14 14:48:55'),
	(495, 94, 2, -2147294208, 0, 1, '', '2016-03-14 14:48:55'),
	(496, 94, 3, -2147281920, 0, 0, '', '2016-03-14 14:48:55'),
	(497, 94, 4, -2147280896, 0, 0, '', '2016-03-14 14:48:56'),
	(498, 94, 5, -2147437568, 1, 1, '', '2016-03-14 14:48:56'),
	(499, 94, 6, -2147425280, 0, 0, '', '2016-03-14 14:48:56'),
	(500, 94, 7, -2147404800, 0, 0, '', '2016-03-14 14:48:57'),
	(501, 94, 8, -2147445760, 0, 0, '', '2016-03-14 14:48:57'),
	(502, 94, 9, -2146493440, 0, 0, '', '2016-03-14 14:48:57'),
	(503, 94, 10, -2146453504, 1, 0, '', '2016-03-14 14:48:58'),
	(504, 95, 0, -2147481600, 1, 1, '', '2016-03-14 15:12:18'),
	(505, 95, 1, -2147367936, 1, 1, '', '2016-03-14 15:12:18'),
	(506, 95, 2, -2147294208, 0, 1, '', '2016-03-14 15:12:18'),
	(507, 95, 3, -2147281920, 0, 0, '', '2016-03-14 15:12:19'),
	(508, 95, 4, -2147280896, 0, 0, '', '2016-03-14 15:12:19'),
	(509, 95, 5, -2147437568, 1, 1, '', '2016-03-14 15:12:19'),
	(510, 95, 6, -2147425280, 0, 0, '', '2016-03-14 15:12:20'),
	(511, 95, 7, -2147404800, 0, 0, '', '2016-03-14 15:12:20'),
	(512, 95, 8, -2147445760, 0, 0, '', '2016-03-14 15:12:20'),
	(513, 95, 9, -2146493440, 0, 0, '', '2016-03-14 15:12:20'),
	(514, 95, 10, -2146453504, 1, 0, '', '2016-03-14 15:12:21'),
	(515, 97, 0, -2147481600, 1, 1, '', '2016-03-14 15:48:23'),
	(516, 97, 1, -2147367936, 1, 1, '', '2016-03-14 15:48:23'),
	(517, 97, 2, -2147294208, 0, 1, '', '2016-03-14 15:48:24'),
	(518, 97, 3, -2147281920, 0, 0, '', '2016-03-14 15:48:24'),
	(519, 97, 4, -2147280896, 0, 0, '', '2016-03-14 15:48:24'),
	(520, 97, 5, -2147437568, 1, 1, '', '2016-03-14 15:48:25'),
	(521, 97, 6, -2147425280, 0, 0, '', '2016-03-14 15:48:25'),
	(522, 97, 7, -2147404800, 0, 0, '', '2016-03-14 15:48:25'),
	(523, 97, 8, -2147445760, 0, 0, '', '2016-03-14 15:48:26'),
	(524, 97, 9, -2146493440, 0, 0, '', '2016-03-14 15:48:26'),
	(525, 97, 10, -2146453504, 1, 0, '', '2016-03-14 15:48:26'),
	(526, 101, 0, -2147481600, 1, 1, '', '2016-03-14 17:13:43'),
	(527, 101, 1, -2147367936, 1, 1, '', '2016-03-14 17:13:44'),
	(528, 101, 2, -2147294208, 0, 1, '', '2016-03-14 17:13:44'),
	(529, 101, 3, -2147281920, 0, 0, '', '2016-03-14 17:13:44'),
	(530, 101, 4, -2147280896, 0, 0, '', '2016-03-14 17:13:44'),
	(531, 101, 5, -2147437568, 1, 1, '', '2016-03-14 17:13:45'),
	(532, 101, 6, -2147425280, 0, 0, '', '2016-03-14 17:13:45'),
	(533, 101, 7, -2147404800, 0, 0, '', '2016-03-14 17:13:45'),
	(534, 101, 8, -2147445760, 0, 0, '', '2016-03-14 17:13:46'),
	(535, 101, 9, -2146493440, 0, 0, '', '2016-03-14 17:13:46'),
	(536, 101, 10, -2146453504, 1, 0, '', '2016-03-14 17:13:46'),
	(537, 102, 0, -2147481600, 1, 1, '', '2016-03-14 17:23:30'),
	(538, 102, 1, -2147367936, 1, 1, '', '2016-03-14 17:23:30'),
	(539, 102, 2, -2147294208, 0, 1, '', '2016-03-14 17:23:31'),
	(540, 102, 3, -2147281920, 0, 0, '', '2016-03-14 17:23:31'),
	(541, 102, 4, -2147280896, 0, 0, '', '2016-03-14 17:23:31'),
	(542, 102, 5, -2147437568, 1, 1, '', '2016-03-14 17:23:32'),
	(543, 102, 6, -2147425280, 0, 0, '', '2016-03-14 17:23:32'),
	(544, 102, 7, -2147404800, 0, 0, '', '2016-03-14 17:23:33'),
	(545, 102, 8, -2147445760, 0, 0, '', '2016-03-14 17:23:33'),
	(546, 102, 9, -2146493440, 0, 0, '', '2016-03-14 17:23:33'),
	(547, 102, 10, -2146453504, 1, 0, '', '2016-03-14 17:23:34'),
	(548, 103, 0, -2147481600, 1, 1, '', '2016-03-14 21:50:46'),
	(549, 103, 1, -2147367936, 1, 1, '', '2016-03-14 21:50:47'),
	(550, 103, 2, -2147294208, 0, 1, '', '2016-03-14 21:50:47'),
	(551, 103, 3, -2147281920, 0, 0, '', '2016-03-14 21:50:47'),
	(552, 103, 4, -2147280896, 0, 0, '', '2016-03-14 21:50:48'),
	(553, 103, 5, -2147437568, 1, 1, '', '2016-03-14 21:50:48'),
	(554, 103, 6, -2147425280, 0, 0, '', '2016-03-14 21:50:48'),
	(555, 103, 7, -2147404800, 0, 0, '', '2016-03-14 21:50:49'),
	(556, 103, 8, -2147445760, 0, 0, '', '2016-03-14 21:50:49'),
	(557, 103, 9, -2146493440, 0, 0, '', '2016-03-14 21:50:49'),
	(558, 103, 10, -2146453504, 1, 0, '', '2016-03-14 21:50:50'),
	(559, 104, 0, -2147481600, 1, 1, '', '2016-03-15 12:28:52'),
	(560, 104, 1, -2147367936, 1, 1, '', '2016-03-15 12:28:52'),
	(561, 104, 2, -2147294208, 0, 1, '', '2016-03-15 12:28:53'),
	(562, 104, 3, -2147281920, 0, 0, '', '2016-03-15 12:28:53'),
	(563, 104, 4, -2147280896, 0, 0, '', '2016-03-15 12:28:53'),
	(564, 104, 5, -2147437568, 1, 1, '', '2016-03-15 12:28:54'),
	(565, 104, 6, -2147425280, 0, 0, '', '2016-03-15 12:28:54'),
	(566, 104, 7, -2147404800, 0, 0, '', '2016-03-15 12:28:54'),
	(567, 104, 8, -2147445760, 0, 0, '', '2016-03-15 12:28:54'),
	(568, 104, 9, -2146493440, 0, 0, '', '2016-03-15 12:28:55'),
	(569, 104, 10, -2146453504, 1, 0, '', '2016-03-15 12:28:55'),
	(570, 105, 0, -2147481600, 1, 1, '', '2016-03-15 12:54:13'),
	(571, 105, 1, -2147367936, 1, 1, '', '2016-03-15 12:54:13'),
	(572, 105, 2, -2147294208, 0, 1, '', '2016-03-15 12:54:14'),
	(573, 105, 3, -2147281920, 0, 0, '', '2016-03-15 12:54:14'),
	(574, 105, 4, -2147280896, 0, 0, '', '2016-03-15 12:54:14'),
	(575, 105, 5, -2147437568, 1, 1, '', '2016-03-15 12:54:15'),
	(576, 105, 6, -2147425280, 0, 0, '', '2016-03-15 12:54:15'),
	(577, 105, 7, -2147404800, 0, 0, '', '2016-03-15 12:54:15'),
	(578, 105, 8, -2147445760, 0, 0, '', '2016-03-15 12:54:16'),
	(579, 105, 9, -2146493440, 0, 0, '', '2016-03-15 12:54:16'),
	(580, 105, 10, -2146453504, 1, 0, '', '2016-03-15 12:54:16'),
	(581, 106, 0, -2147481600, 1, 1, '', '2016-03-15 12:55:50'),
	(582, 106, 1, -2147367936, 1, 1, '', '2016-03-15 12:55:51'),
	(583, 106, 2, -2147294208, 0, 1, '', '2016-03-15 12:55:51'),
	(584, 106, 3, -2147281920, 0, 0, '', '2016-03-15 12:55:51'),
	(585, 106, 4, -2147280896, 0, 0, '', '2016-03-15 12:55:52'),
	(586, 106, 5, -2147437568, 1, 1, '', '2016-03-15 12:55:52'),
	(587, 106, 6, -2147425280, 0, 0, '', '2016-03-15 12:55:52'),
	(588, 106, 7, -2147404800, 0, 0, '', '2016-03-15 12:55:53'),
	(589, 106, 8, -2147445760, 0, 0, '', '2016-03-15 12:55:53'),
	(590, 106, 9, -2146493440, 0, 0, '', '2016-03-15 12:55:53'),
	(591, 106, 10, -2146453504, 1, 0, '', '2016-03-15 12:55:54'),
	(592, 107, 0, -2147481600, 1, 1, '', '2016-03-15 12:58:02'),
	(593, 107, 1, -2147367936, 1, 1, '', '2016-03-15 12:58:02'),
	(594, 107, 2, -2147294208, 0, 1, '', '2016-03-15 12:58:03'),
	(595, 107, 3, -2147281920, 0, 0, '', '2016-03-15 12:58:03'),
	(596, 107, 4, -2147280896, 0, 0, '', '2016-03-15 12:58:03'),
	(597, 107, 5, -2147437568, 1, 1, '', '2016-03-15 12:58:04'),
	(598, 107, 6, -2147425280, 0, 0, '', '2016-03-15 12:58:04'),
	(599, 107, 7, -2147404800, 0, 0, '', '2016-03-15 12:58:04'),
	(600, 107, 8, -2147445760, 0, 0, '', '2016-03-15 12:58:05'),
	(601, 107, 9, -2146493440, 0, 0, '', '2016-03-15 12:58:05'),
	(602, 107, 10, -2146453504, 1, 0, '', '2016-03-15 12:58:05'),
	(603, 108, 0, -2147481600, 1, 1, '', '2016-03-15 13:08:12'),
	(604, 108, 1, -2147367936, 1, 1, '', '2016-03-15 13:08:12'),
	(605, 108, 2, -2147294208, 0, 1, '', '2016-03-15 13:08:13'),
	(606, 108, 3, -2147281920, 0, 1, '', '2016-03-15 13:08:13'),
	(607, 108, 4, -2147280896, 0, 1, '', '2016-03-15 13:08:13'),
	(608, 108, 5, -2147437568, 1, 1, '', '2016-03-15 13:08:14'),
	(609, 108, 6, -2147425280, 0, 1, '', '2016-03-15 13:08:14'),
	(610, 108, 7, -2147404800, 0, 1, '', '2016-03-15 13:08:14'),
	(611, 108, 8, -2147445760, 0, 0, '', '2016-03-15 13:08:15'),
	(612, 108, 9, -2146493440, 0, 1, '', '2016-03-15 13:08:15'),
	(613, 108, 10, -2146453504, 1, 1, '', '2016-03-15 13:08:15'),
	(614, 109, 0, -2147481600, 1, 1, '', '2016-03-15 13:17:50'),
	(615, 109, 1, -2147367936, 1, 1, '', '2016-03-15 13:17:50'),
	(616, 109, 2, -2147294208, 0, 1, '', '2016-03-15 13:17:51'),
	(617, 109, 3, -2147281920, 0, 0, '', '2016-03-15 13:17:51'),
	(618, 109, 4, -2147280896, 0, 0, '', '2016-03-15 13:17:51'),
	(619, 109, 5, -2147437568, 1, 1, '', '2016-03-15 13:17:52'),
	(620, 109, 6, -2147425280, 0, 0, '', '2016-03-15 13:17:52'),
	(621, 109, 7, -2147404800, 0, 0, '', '2016-03-15 13:17:52'),
	(622, 109, 8, -2147445760, 0, 0, '', '2016-03-15 13:17:53'),
	(623, 109, 9, -2146493440, 0, 0, '', '2016-03-15 13:17:53'),
	(624, 109, 10, -2146453504, 1, 0, '', '2016-03-15 13:17:53'),
	(625, 110, 0, -2147481600, 1, 1, '', '2016-03-15 13:21:21'),
	(626, 110, 1, -2147367936, 1, 1, '', '2016-03-15 13:21:21'),
	(627, 110, 2, -2147294208, 0, 1, '', '2016-03-15 13:21:21'),
	(628, 110, 3, -2147281920, 0, 0, '', '2016-03-15 13:21:22'),
	(629, 110, 4, -2147280896, 0, 0, '', '2016-03-15 13:21:22'),
	(630, 110, 5, -2147437568, 1, 1, '', '2016-03-15 13:21:22'),
	(631, 110, 6, -2147425280, 0, 0, '', '2016-03-15 13:21:23'),
	(632, 110, 7, -2147404800, 0, 0, '', '2016-03-15 13:21:23'),
	(633, 110, 8, -2147445760, 0, 0, '', '2016-03-15 13:21:23'),
	(634, 110, 9, -2146493440, 0, 0, '', '2016-03-15 13:21:24'),
	(635, 110, 10, -2146453504, 1, 0, '', '2016-03-15 13:21:24'),
	(636, 2, 128, -2147396608, 0, 0, '', '2016-06-02 16:51:49'),
	(637, 2, 129, -2147416064, 0, 0, 'Overload1Ability', '2016-06-02 22:12:30'),
	(638, 2, 130, -2146046976, 0, 0, '', '2016-06-02 22:18:45'),
	(639, 2, 131, -2147148800, 0, 1, 'AvoidanceAbility', '2016-06-02 22:24:24'),
	(640, 111, 0, -2147481600, 1, 1, '', '2017-01-28 12:17:43'),
	(641, 111, 1, -2147367936, 1, 1, '', '2017-01-28 12:17:43'),
	(642, 111, 2, -2147294208, 0, 1, '', '2017-01-28 12:17:44'),
	(643, 111, 3, -2147281920, 0, 0, '', '2017-01-28 12:17:44'),
	(644, 111, 4, -2147280896, 0, 0, '', '2017-01-28 12:17:44'),
	(645, 111, 5, -2147437568, 1, 1, '', '2017-01-28 12:17:45'),
	(646, 111, 6, -2147425280, 0, 0, '', '2017-01-28 12:17:45'),
	(647, 111, 7, -2147404800, 0, 0, '', '2017-01-28 12:17:45'),
	(648, 111, 8, -2147445760, 0, 0, '', '2017-01-28 12:17:46'),
	(649, 111, 9, -2146493440, 0, 0, '', '2017-01-28 12:17:46'),
	(650, 111, 10, -2146453504, 1, 0, '', '2017-01-28 12:17:46'),
	(662, 113, 0, -2147481600, 1, 1, '', '2017-03-07 16:03:28'),
	(663, 113, 1, -2147367936, 1, 1, '', '2017-03-07 16:03:28'),
	(664, 113, 2, -2147294208, 0, 1, '', '2017-03-07 16:03:29'),
	(665, 113, 3, -2147281920, 0, 0, '', '2017-03-07 16:03:29'),
	(666, 113, 4, -2147280896, 0, 0, '', '2017-03-07 16:03:30'),
	(667, 113, 5, -2147437568, 1, 1, '', '2017-03-07 16:03:30'),
	(668, 113, 6, -2147425280, 0, 0, '', '2017-03-07 16:03:31'),
	(669, 113, 7, -2147404800, 0, 0, '', '2017-03-07 16:03:31'),
	(670, 113, 8, -2147445760, 0, 0, '', '2017-03-07 16:03:31'),
	(671, 113, 9, -2146493440, 0, 0, '', '2017-03-07 16:03:32'),
	(672, 113, 10, -2146453504, 1, 0, '', '2017-03-07 16:03:32');
/*!40000 ALTER TABLE `char_abilities` ENABLE KEYS */;

-- Exportiere Struktur von Tabelle reality_hd.char_hardlines
CREATE TABLE IF NOT EXISTS `char_hardlines` (
  `id` int(10) unsigned NOT NULL AUTO_INCREMENT,
  `char_id` int(10) unsigned NOT NULL,
  `hl_id` int(10) unsigned NOT NULL,
  `district_id` int(10) unsigned NOT NULL,
  `added` datetime NOT NULL,
  PRIMARY KEY (`id`)
) ENGINE=InnoDB DEFAULT CHARSET=utf8;

-- Exportiere Daten aus Tabelle reality_hd.char_hardlines: ~0 rows (ungefähr)
/*!40000 ALTER TABLE `char_hardlines` DISABLE KEYS */;
/*!40000 ALTER TABLE `char_hardlines` ENABLE KEYS */;

-- Exportiere Struktur von Tabelle reality_hd.crews
CREATE TABLE IF NOT EXISTS `crews` (
  `id` int(11) NOT NULL AUTO_INCREMENT,
  `crew_name` varchar(256) DEFAULT '0',
  `master_player_handle` varchar(256) DEFAULT '0',
  `faction_id` int(11) NOT NULL DEFAULT '0',
  `created_at` datetime DEFAULT '0000-00-00 00:00:00',
  `deleted_at` datetime DEFAULT '0000-00-00 00:00:00',
  PRIMARY KEY (`id`)
) ENGINE=InnoDB AUTO_INCREMENT=4 DEFAULT CHARSET=latin1;

-- Exportiere Daten aus Tabelle reality_hd.crews: ~2 rows (ungefähr)
/*!40000 ALTER TABLE `crews` DISABLE KEYS */;
INSERT IGNORE INTO `crews` (`id`, `crew_name`, `master_player_handle`, `faction_id`, `created_at`, `deleted_at`) VALUES
	(2, 'Trinitys\'s Crew', '0', 0, '2017-05-24 16:07:04', '0000-00-00 00:00:00'),
	(3, 'TheNeo\'s Crew', '0', 0, '2017-05-24 16:07:59', '0000-00-00 00:00:00');
/*!40000 ALTER TABLE `crews` ENABLE KEYS */;

-- Exportiere Struktur von Tabelle reality_hd.crew_members
CREATE TABLE IF NOT EXISTS `crew_members` (
  `id` int(11) NOT NULL AUTO_INCREMENT,
  `crew_id` int(11) NOT NULL DEFAULT '0',
  `char_id` int(11) NOT NULL DEFAULT '0',
  `is_master` int(11) NOT NULL DEFAULT '0',
  `created_at` datetime NOT NULL DEFAULT '0000-00-00 00:00:00',
  PRIMARY KEY (`id`)
) ENGINE=InnoDB DEFAULT CHARSET=latin1;

-- Exportiere Daten aus Tabelle reality_hd.crew_members: ~0 rows (ungefähr)
/*!40000 ALTER TABLE `crew_members` DISABLE KEYS */;
/*!40000 ALTER TABLE `crew_members` ENABLE KEYS */;

-- Exportiere Struktur von Tabelle reality_hd.data_hardlines
CREATE TABLE IF NOT EXISTS `data_hardlines` (
  `Id` int(11) unsigned NOT NULL AUTO_INCREMENT,
  `HardLineId` smallint(6) unsigned NOT NULL,
  `objectId` bigint(20) NOT NULL,
  `HardlineName` varchar(45) NOT NULL,
  `X` double NOT NULL,
  `Y` double NOT NULL,
  `Z` double NOT NULL,
  `ROT` double NOT NULL,
  `DistrictId` smallint(6) unsigned NOT NULL,
  PRIMARY KEY (`Id`),
  UNIQUE KEY `Id` (`Id`)
) ENGINE=MyISAM AUTO_INCREMENT=139 DEFAULT CHARSET=utf8;

-- Exportiere Daten aus Tabelle reality_hd.data_hardlines: 135 rows
/*!40000 ALTER TABLE `data_hardlines` DISABLE KEYS */;
INSERT IGNORE INTO `data_hardlines` (`Id`, `HardLineId`, `objectId`, `HardlineName`, `X`, `Y`, `Z`, `ROT`, `DistrictId`) VALUES
	(2, 49, 0, 'MaraNorthWest', 7737.37, 95, 13801.5, 1.5708, 1),
	(3, 152, 0, 'MaraCentral', 17043.1, 495, 2398.8, -3.14159, 1),
	(6, 72, 0, 'Tagged By Tastee Wheat', 39216.4, 95, -21475.1, 2.03713, 1),
	(7, 125, 706741522, 'Tagged By Tastee Wheat', 25640, -515, -35813, 0.294524, 1),
	(8, 73, 0, 'Tagged By Tastee Wheat', 13211.7, 95, -37821.4, -2.72435, 2),
	(9, 98, 0, 'Tagged By Tastee Wheat', 9844.79, 1295, 1314.42, -2.42983, 2),
	(10, 48, 273679824, 'Tagged By chefmaster', -6415, 95, -7121.87, 1.93895, 1),
	(11, 146, 0, 'Tagged By Tastee Wheat', 52941.3, 495, 41981.6, -1.52171, 1),
	(12, 113, 0, 'Tagged By TheThirdMan', -133308, 1295, -35477, 1.44808, 2),
	(13, 129, 1213204213, 'Tagged By TheThirdMan', -2683.96, -705, 31556.3, 2.82252, 1),
	(14, 120, 45090940, 'Tagged By IntegratedOne', 70083.9, 95, 44597.9, -0.269981, 1),
	(15, 116, 423624714, 'Tagged By chefmaster', -492.907, 95, -31590.9, 0.343612, 1),
	(16, 128, 0, 'Tagged By Midnight', 54965.4, 95, 15087.4, -0.0736311, 1),
	(17, 78, 802160652, 'Tagged By CloudWolf', -49790.2, 95, -159434, -1.22718, 1),
	(18, 147, 211813903, 'Tagged By SanMarco', 111007, -505, -59842.7, 1.25173, 1),
	(19, 136, 0, 'Tagged By SanMarco', 111180, 95, -40913.8, 1.7426, 1),
	(20, 114, 263194005, 'Tagged By SanMarco', 77349.4, 694.999, -43966.8, 0.368155, 1),
	(21, 55, 0, 'Tagged By SanMarco', 82745.4, 694.999, -66760.6, -1.64443, 1),
	(22, 130, 0, 'Tagged By Agent', 51820.8, 95, -42922, -1.00629, 1),
	(23, 138, 0, 'Tagged By Superman111994', -30111, 95, -48204.8, 0, 1),
	(24, 124, 1209008135, 'Tagged By SanMarco', 39584.6, 95, -80338.7, 2.57709, 1),
	(25, 107, 0, 'Tagged By SanMarco', 63391.2, 95, -91925.9, 0.220893, 1),
	(26, 151, 765461497, 'Tagged By Agent', 67566.8, -105, -10164.6, -2.30711, 1),
	(27, 132, 326108784, 'Tagged By SanMarco', 96190.5, 95, -85320.7, 3.01887, 1),
	(28, 115, 0, 'Tagged By SanMarco', 15657.9, 495, -70054.5, 1.93895, 1),
	(29, 112, 0, 'Tagged By SanMarco', 40267.9, 95, -116994, -0.859029, 1),
	(30, 104, 0, 'Tagged By IntegratedOne', -17757.8, 95, -141682, 0.981748, 1),
	(31, 122, 1245709271, 'Tagged By SanMarco', 10377, 95, -110304, 2.67526, 1),
	(32, 145, 0, 'Tagged By SanMarco', 55512.5, 85, -166913, -1.20264, 1),
	(33, 149, 0, 'Tagged By SanMarco', 14659.5, 95, -143258, 2.35619, 1),
	(34, 113, 0, 'Tagged By SanMarco', 107619, -505, -149092, -0.0490874, 1),
	(35, 148, 0, 'Tagged By SanMarco', 79289.9, -505, -148965, 1.79169, 1),
	(36, 111, 0, 'Tagged By SanMarco', 87635.3, 85, -117864, 1.42353, 1),
	(37, 119, 210763782, 'Tagged By Cookie', -36326, 95, -23953.1, 1.86532, 1),
	(38, 109, 819986442, 'Tagged By SanMarco', 135175, 95, -103708, -0.93266, 1),
	(39, 76, 888146049, 'Tagged By Cookie', -67862.5, 95, 16314.2, 0.269981, 1),
	(40, 150, 0, 'Tagged By SanMarco', 111671, -505, -99321.3, 1.44808, 1),
	(41, 153, 821035009, 'Tagged By SanMarco', 12184.8, -705, 59766, -1.61988, 1),
	(42, 131, 0, 'Tagged By SanMarco', 100459, 95, 11859, 1.49717, 1),
	(43, 142, 1435502632, 'Tagged By SanMarco', 94166.5, 95, 26721.2, -2.40528, 1),
	(44, 121, 831520820, 'Tagged By SanMarco', 83610.7, 95, 57664.3, 2.99433, 1),
	(45, 99, 53478188, 'Tagged By Cookie', -30434, -705, 20325.5, -0.981748, 1),
	(46, 75, 1331694835, 'Tagged By Agent', -64467.5, -1105, -57980.9, 3.01887, 1),
	(47, 105, 0, 'Tagged By Cookie', -92910.8, -705, 40713.9, 1.76715, 1),
	(48, 101, 506462220, 'Tagged By Superman111994', -70778.6, 95, -140154, 3.09251, 1),
	(49, 106, 1181747457, 'Tagged By Agent', -18499.8, 95, -89853.4, -0.490874, 1),
	(50, 133, 648023732, 'Tagged By Forez', 85775, 694.999, -14502.5, -1.81623, 1),
	(51, 144, 1039139603, 'Tagged By Forez', 115650, 694.999, 4825, -2.82252, 1),
	(52, 12, 0, 'Tagged By Othinn', 11039.9, 95, 35967.4, 0.0490874, 3),
	(53, 10, 0, 'Tagged By Othinn', 18310, -505, 15226.4, 0.809942, 3),
	(54, 102, 0, 'Tagged By jayce77', -86023.7, 95, -77894.1, 1.81623, 1),
	(55, 82, 0, 'Tagged By Cyberkat', 14806.5, 1895, 72657.9, 1.52171, 2),
	(56, 109, 0, 'Tagged By Cyberkat', 3936.42, 1295, 96578.1, 1.5708, 2),
	(57, 31, 0, 'Tagged By Cyberkat', -10586.3, 1895, 58667, 0.760854, 2),
	(58, 105, 0, 'Tagged By Cyberkat', -19612.5, 694.999, 74764.7, -1.81623, 2),
	(59, 94, 0, 'Tagged By Cyberkat', -15563.7, 694.999, 95005.9, 2.9207, 2),
	(60, 75, 0, 'Tagged By Cyberkat', -7704.53, 1895, 84346.2, -0.981748, 2),
	(61, 38, 0, 'Tagged By Cyberkat', -7466.52, 1895, 17801.8, -0.0981748, 2),
	(62, 56, 0, 'Tagged By Cyberkat', 12047.9, 694.999, 17764.6, -2.87161, 2),
	(63, 92, 0, 'Tagged By Cyberkat', -23801.4, 1895, 12300.4, 1.76715, 2),
	(64, 37, 0, 'Tagged By Cyberkat', -20669.7, 1895, -19128, -0.245437, 2),
	(65, 19, 407897936, 'Tagged By Agent', -14261.6, 95, 9710.15, -1.64443, 3),
	(66, 14, 0, 'Tagged By Agent', -31420.5, 95, 8083.13, -0.147262, 3),
	(67, 15, 0, 'Tagged By Agent', -42980.2, 95, 9352.13, 1.84078, 3),
	(68, 23, 0, 'Tagged By Agent', -65336.5, 95, 32209.4, 0.490874, 3),
	(69, 17, 0, 'Tagged By Agent', 36481.5, -1105, -30745, -1.91441, 3),
	(70, 7, 0, 'Tagged By Agent', 42779.3, -1105, -5699.44, -3.11705, 3),
	(71, 20, 174064055, 'Tagged By Agent', 79634.9, -1115, 2825.15, -2.79798, 3),
	(72, 24, 125834514, 'Tagged By Agent', 19783.5, -505, -11294.7, -3.11705, 3),
	(73, 6, 0, 'Tagged By Agent', 15340.4, 95, -32048.6, -1.1781, 3),
	(74, 16, 0, 'Tagged By Agent', -1445.26, 95, -41080.3, 1.12901, 3),
	(75, 5, 228589685, 'Tagged By Agent', -16244.9, 95, -19746.3, 1.79169, 3),
	(76, 11, 0, 'Tagged By Agent', -9540.12, 95, -8841.22, 1.59534, 3),
	(77, 13, 291504339, 'Tagged By Agent', -40011.6, 95, -19769.5, -2.84707, 3),
	(78, 9, 37751227, 'Tagged By Agent', -48538.8, 95, -31991.9, 0.0245437, 3),
	(79, 21, 400564319, 'Tagged By Agent', -33794.6, 95, -71125, -0.368155, 3),
	(80, 22, 361759850, 'Tagged By Agent', 47043.9, -1105, -53683.6, 1.20264, 3),
	(81, 18, 0, 'Tagged By Agent', 24972, -505, 33362.3, -2.62618, 3),
	(82, 3, 0, 'Tagged By Agent', 42116.9, -105, 57953, 2.94524, 3),
	(83, 4, 364906923, 'Tagged By Agent', 31450.7, -505, 15775, 0.0736311, 3),
	(84, 2, 0, 'Tagged By Agent', -37444.4, 95, 23659.1, 2.23348, 3),
	(85, 8, 0, 'Tagged By Agent', -22193.8, 95, 32347.7, 3.04342, 3),
	(86, 74, 0, 'Tagged By Flerba', 42659.2, 95, -2943.5, 0.908117, 2),
	(87, 97, 0, 'Tagged By SanMarco', -148758, 694.999, -49511.3, -0.785398, 2),
	(88, 78, 0, 'Tagged By SanMarco', -127692, 95, -77862.7, 0.319068, 2),
	(89, 101, 0, 'Tagged By SanMarco', -118336, 895, -57827, -1.42353, 2),
	(90, 84, 0, 'Tagged By SanMarco', -161106, 95, -78546.1, 0.539961, 2),
	(91, 102, 0, 'Tagged By SanMarco', -151386, -705, -105035, 3.04342, 2),
	(92, 89, 0, 'Tagged By SanMarco', -102034, -705, -104025, -2.30711, 2),
	(93, 79, 0, 'Tagged By SanMarco', -197691, -705, -106110, 2.23348, 2),
	(94, 95, 0, 'Tagged By SanMarco', -213404, 95, -83702.2, 2.45437, 2),
	(95, 77, 0, 'Tagged By SanMarco', -101645, 1295, -37998.6, -3.06796, 2),
	(96, 87, 0, 'Tagged By SanMarco', -92388.8, 295, -52656.1, -1.9635, 2),
	(97, 108, 0, 'Tagged By SanMarco', -84171.4, 95, -69825, -0.834486, 2),
	(98, 91, 182462326, 'Tagged By SanMarco', -51335.2, 95, -26132.8, -0.711767, 2),
	(99, 96, 0, 'Tagged By SanMarco', -33636.6, 1895, -45757.7, 0.294524, 2),
	(100, 81, 0, 'Tagged By SanMarco', -2610.38, 1295, -32441.3, -1.27627, 2),
	(101, 99, 0, 'Tagged By SanMarco', -38914.8, 95, -58865.1, 0.46633, 2),
	(102, 49, 0, 'Tagged By SanMarco', 2945.95, 95, -87486.3, -1.93895, 2),
	(103, 110, 0, 'Tagged By SanMarco', 13888.2, 95, -87848.4, -1.88986, 2),
	(104, 90, 0, 'Tagged By SanMarco', 42918.6, 95, -82035.5, -0.687223, 2),
	(105, 93, 0, 'Tagged By SanMarco', 13797.4, 95, -62540.9, -0.589049, 2),
	(106, 39, 0, 'Tagged By SanMarco', 30494.8, 95, -50434.3, -2.01258, 2),
	(107, 100, 0, 'Tagged By SanMarco', 28299.5, 694.999, -23233.1, -2.06167, 2),
	(108, 111, 0, 'Tagged By SanMarco', 26340.3, 694.999, -9418.3, -2.9207, 2),
	(109, 35, 0, 'Tagged By SanMarco', 34943.9, 95, 9724.07, 0.908117, 2),
	(110, 36, 0, 'Tagged By SanMarco', 24184.7, 694.999, 3438.79, -0.809942, 2),
	(111, 48, 0, 'Tagged By SanMarco', -43576.8, 1295, -236.303, 2.38074, 2),
	(112, 63, 0, 'Tagged By SanMarco', -67676.3, 694.999, -13554.3, 3.06796, 2),
	(113, 59, 0, 'Tagged By SanMarco', -91392.6, 1295, -13747.1, 0.785398, 2),
	(114, 88, 0, 'Tagged By SanMarco', -77737.1, 1295, -3403.01, -1.44808, 2),
	(115, 52, 0, 'Tagged By SanMarco', -62448, 1295, 15867.9, 2.20893, 2),
	(116, 107, 0, 'Tagged By SanMarco', -57354.7, 1295, 33825, -2.69981, 2),
	(117, 50, 0, 'Tagged By SanMarco', -71709.4, 1295, 33189, -0.613592, 2),
	(118, 64, 0, 'Tagged By SanMarco', -70694, 1295, 40108, -1.47262, 2),
	(119, 85, 628109112, 'Tagged By SanMarco', -89310.2, 1295, 29097.4, 1.59534, 2),
	(120, 80, 0, 'Tagged By SanMarco', -115777, 1295, 12425, 2.99433, 2),
	(121, 112, 0, 'Tagged By SanMarco', -132482, 1295, 15399.5, -3.06796, 2),
	(122, 69, 0, 'Tagged By SanMarco', -145953, 694.999, 27883.6, -3.09251, 2),
	(123, 55, 0, 'Tagged By SanMarco', -142873, 694.999, 42221.6, -1.42353, 2),
	(124, 54, 0, 'Tagged By SanMarco', -127479, 694.999, 42677, -1.98804, 2),
	(125, 67, 0, 'Tagged By SanMarco', -140880, 694.999, 69638.8, 1.27627, 2),
	(126, 47, 0, 'Tagged By SanMarco', -84175.4, 1295, 78182.1, -2.72435, 2),
	(127, 53, 0, 'Tagged By SanMarco', -44698.3, 694.999, 96080.3, 2.84707, 2),
	(128, 86, 0, 'Tagged By SanMarco', -46627.5, 1895, 69787.3, -1.54625, 2),
	(129, 41, 0, 'Tagged By SanMarco', 22764.8, 694.999, 42678.9, -0.589049, 2),
	(130, 106, 0, 'Tagged By SanMarco', 22895.7, 694.999, 27604.9, -1.20264, 2),
	(131, 81, 480250528, 'Tagged By AtraBile', -38843.9, 95, -1082.27, 1.15355, 1),
	(132, 82, 724568318, 'Tagged By Cookie', -55135.7, 95, -110187, 0.93266, 1),
	(133, 100, 195036127, 'Tagged By Maverick', -75253.7, 95, -7823.79, -1.66897, 1),
	(134, 103, 0, 'Tagged By Tyndall', -73303.1, 2, -30083.3, 2.38074, 1),
	(135, 80, 463470596, 'Tagged By Tyndall', -84633, 95, 8015.88, -0.0245437, 1),
	(136, 79, 0, 'Tagged By Tyndall', -94295.7, -505, -33925, 2.82252, 1),
	(137, 43, 0, 'Tagged By Tyndall', -19925, 1895, 34694.1, -1.88986, 2),
	(138, 103, 0, 'Tagged By megabeans', -33575, 1895, 41507.1, -1.64443, 2);
/*!40000 ALTER TABLE `data_hardlines` ENABLE KEYS */;

-- Exportiere Struktur von Tabelle reality_hd.districts
CREATE TABLE IF NOT EXISTS `districts` (
  `id` int(11) NOT NULL AUTO_INCREMENT,
  `key` text NOT NULL,
  `path` text NOT NULL,
  PRIMARY KEY (`id`)
) ENGINE=MyISAM AUTO_INCREMENT=27 DEFAULT CHARSET=latin1;

-- Exportiere Daten aus Tabelle reality_hd.districts: 25 rows
/*!40000 ALTER TABLE `districts` DISABLE KEYS */;
INSERT IGNORE INTO `districts` (`id`, `key`, `path`) VALUES
	(1, 'slums', 'resource/worlds/final_world/slums_barrens_full.metr'),
	(2, 'downtown', 'resource/worlds/final_world/downtown/dt_world.metr'),
	(3, 'international', 'resource/worlds/final_world/international/it.metr'),
	(4, 'tutorial', 'resource/worlds/final_world/tutorial_v2/tutorial_v2.metr'),
	(5, 'la', 'resource/worlds/loading_area/la.metr'),
	(6, 'ccbackdrop', 'resource/worlds/ccbackdrop/ccbackdrop.metr'),
	(7, 'archive01', 'resource/worlds/final_world/constructs/archive/archive01/archive01.metr'),
	(8, 'archive02', 'resource/worlds/final_world/constructs/archive/archive02/archive02.metr'),
	(9, 'archive_ashencourte', 'resource/worlds/final_world/constructs/archive/archive_ashencourte/archive_ashencourte.metr'),
	(10, 'archive_datamine', 'resource/worlds/final_world/constructs/archive/archive_datamine/datamine.metr'),
	(11, 'archive_sakura', 'resource/worlds/final_world/constructs/archive/archive_sakura/archive_sakura.metr'),
	(12, 'archive_sati', 'resource/worlds/final_world/constructs/archive/archive_sati/sati.metr'),
	(13, 'archive_widowsmoor', 'resource/worlds/final_world/constructs/archive/archive_widowsmoor/archive_widowsmoor.metr'),
	(14, 'archive_yuki', 'resource/worlds/final_world/constructs/archive/archive_yuki/archive_yuki.metr'),
	(15, 'large01', 'resource/worlds/final_world/constructs/large/large01/large01.metr'),
	(16, 'large02', 'resource/worlds/final_world/constructs/large/large02/large02.metr'),
	(17, 'medium01', 'resource/worlds/final_world/constructs/medium/medium01/medium01.metr'),
	(18, 'medium02', 'resource/worlds/final_world/constructs/medium/medium02/medium02.metr'),
	(19, 'medium03', 'resource/worlds/final_world/constructs/medium/medium03/medium03.metr'),
	(20, 'small01', 'resource/worlds/final_world/constructs/small/small01/small01.metr'),
	(21, 'small02', 'resource/worlds/final_world/constructs/small/small02/small02.metr'),
	(22, 'small03', 'resource/worlds/final_world/constructs/small/small03/small03.metr'),
	(24, 'urban01', 'resource/worlds/worldtest/constructs/urban01/urban01.metr'),
	(25, 'urban02', 'resource/worlds/worldtest/constructs/urban02/urban02.metr'),
	(26, 'urban03', 'resource/worlds/worldtest/constructs/urban03/urban03.metr');
/*!40000 ALTER TABLE `districts` ENABLE KEYS */;

-- Exportiere Struktur von Tabelle reality_hd.doors
CREATE TABLE IF NOT EXISTS `doors` (
  `id` int(11) unsigned NOT NULL AUTO_INCREMENT,
  `doorid` int(11) unsigned NOT NULL,
  `districtid` tinyint(3) unsigned NOT NULL,
  `X` double NOT NULL DEFAULT '0',
  `Y` double NOT NULL DEFAULT '0',
  `Z` double NOT NULL DEFAULT '0',
  `ROT` double NOT NULL DEFAULT '0',
  `Open` bit(1) NOT NULL DEFAULT b'0',
  `OpenTime` datetime DEFAULT NULL,
  `DoorType` tinyint(3) unsigned NOT NULL DEFAULT '1',
  `FirstUser` varchar(45) DEFAULT NULL,
  PRIMARY KEY (`id`),
  UNIQUE KEY `id` (`id`)
) ENGINE=MyISAM AUTO_INCREMENT=13168 DEFAULT CHARSET=utf8;

-- Exportiere Daten aus Tabelle reality_hd.doors: 319 rows
/*!40000 ALTER TABLE `doors` DISABLE KEYS */;
INSERT IGNORE INTO `doors` (`id`, `doorid`, `districtid`, `X`, `Y`, `Z`, `ROT`, `Open`, `OpenTime`, `DoorType`, `FirstUser`) VALUES
	(12849, 900726787, 1, 119700, -505, -50636, 0, b'1', NULL, 0, 'TestCharacter'),
	(12850, 211812355, 1, 115835, -505, -54298, 0, b'1', NULL, 1, 'TestCharacter'),
	(12851, 211812359, 1, 115835, -505, -55088.3, 0, b'1', NULL, 1, 'TestCharacter'),
	(12852, 211812358, 1, 115835, -505, -55292.1, 0, b'1', NULL, 1, 'TestCharacter'),
	(12853, 211812353, 1, 115835, -505, -56699.3, 0, b'1', NULL, 1, 'TestCharacter'),
	(12854, 211812357, 1, 115835, -505, -56882.4, 1.66897, b'1', NULL, 1, 'TestCharacter'),
	(12855, 211812360, 1, 115835, -505, -57655, 1.59534, b'1', NULL, 1, 'TestCharacter'),
	(12856, 211812369, 1, 114902, -505, -59165, 0.0981748, b'1', NULL, 1, 'TestCharacter'),
	(12857, 211812977, 1, 114660, -505, -59882.2, 1.52171, b'1', NULL, 1, 'TestCharacter'),
	(12858, 211812944, 1, 112660, -505, -61092.4, 1.64443, b'1', NULL, 1, 'TestCharacter'),
	(12859, 211812362, 1, 113096, -505, -61740, 0.0245437, b'1', NULL, 1, 'TestCharacter'),
	(12860, 211812364, 1, 113292, -505, -61740, 0, b'1', NULL, 1, 'TestCharacter'),
	(12861, 700448792, 1, 118297, 95, -75165, 0, b'1', NULL, 1, 'TestCharacter'),
	(12862, 700450906, 1, 118504, 95, -77140, 0, b'1', NULL, 1, 'TestCharacter'),
	(12863, 905969666, 1, 111902, 95, -70035, 3.11705, b'1', NULL, 1, 'TestCharacter'),
	(12864, 905969665, 1, 111697, 95, -70035, -3.09251, b'1', NULL, 1, 'TestCharacter'),
	(12865, 905969668, 1, 111499, 95, -70035, 3.11705, b'1', NULL, 1, 'TestCharacter'),
	(12866, 905973238, 1, 110711, 95, -69940, 0.0490874, b'1', NULL, 1, 'TestCharacter'),
	(12867, 905973486, 1, 109300, 95, -70060, -3.14159, b'1', NULL, 1, 'TestCharacter'),
	(12868, 905969672, 1, 108106, 95, -70060, 3.11705, b'1', NULL, 1, 'TestCharacter'),
	(12869, 905969669, 1, 108296, 95, -70060, 0, b'1', NULL, 1, 'TestCharacter'),
	(12870, 905969671, 1, 108497, 95, -70059.9, 3.09251, b'1', NULL, 1, 'TestCharacter'),
	(12871, 905975253, 1, 107900, 95, -70740, 0, b'1', NULL, 1, 'TestCharacter'),
	(12872, 905974927, 1, 107940, 95, -71900.4, -1.54625, b'1', NULL, 1, 'TestCharacter'),
	(12873, 905974938, 1, 108297, 95, -72340, 0.0245437, b'1', NULL, 1, 'TestCharacter'),
	(12874, 905974985, 1, 109504, 95, -72860, -3.14159, b'1', NULL, 1, 'TestCharacter'),
	(12875, 905975006, 1, 109881, 95, -73340, 0, b'1', NULL, 1, 'TestCharacter'),
	(12876, 905975027, 1, 110504, 95, -73340, 0, b'1', NULL, 1, 'TestCharacter'),
	(12877, 905974982, 1, 109460, 95, -75499.3, 1.59534, b'1', NULL, 1, 'TestCharacter'),
	(12878, 905974937, 1, 108298, 95, -74060, -3.14159, b'1', NULL, 1, 'TestCharacter'),
	(12879, 905974926, 1, 108060, 95, -74509.2, 1.59534, b'1', NULL, 1, 'TestCharacter'),
	(12880, 905975245, 1, 107260, 95, -74298.2, 1.66897, b'1', NULL, 1, 'TestCharacter'),
	(12881, 905977077, 1, 106301, 95, -74540, -0.0490874, b'1', NULL, 1, 'TestCharacter'),
	(12882, 905977051, 1, 105702, 95, -74060, -3.06796, b'1', NULL, 1, 'TestCharacter'),
	(12883, 905975246, 1, 107260, 95, -71501.9, 1.61988, b'1', NULL, 1, 'TestCharacter'),
	(12884, 905977031, 1, 105295, 95, -71940, 0, b'1', NULL, 1, 'TestCharacter'),
	(12885, 905977011, 1, 104740, 95, -73303.2, -1.59534, b'1', NULL, 1, 'TestCharacter'),
	(12886, 905977070, 1, 106140, 95, -73307.8, -1.59534, b'1', NULL, 1, 'TestCharacter'),
	(12887, 905976998, 1, 104505, 95, -71460, -3.14159, b'1', NULL, 1, 'TestCharacter'),
	(12888, 905977040, 1, 105502, 95, -71460, 3.09251, b'1', NULL, 1, 'TestCharacter'),
	(12889, 1216348168, 1, 98103.8, 95, -80835, -3.09251, b'1', NULL, 1, 'TestCharacter'),
	(12890, 1216348164, 1, 97703.9, 95, -78260, -3.14159, b'1', NULL, 1, 'TestCharacter'),
	(12891, 1216348162, 1, 97901.3, 95, -78260, 0, b'1', NULL, 1, 'TestCharacter'),
	(12892, 1216348693, 1, 98340, 95, -78910.3, -1.5708, b'1', NULL, 1, 'TestCharacter'),
	(12893, 1216348163, 1, 98701.1, 95, -78260, 3.11705, b'1', NULL, 1, 'TestCharacter'),
	(12894, 1216348694, 1, 98340, 95, -79507.7, -1.66897, b'1', NULL, 1, 'TestCharacter'),
	(12895, 1441792006, 1, 91801.2, 95, -78165, 0.0245437, b'1', NULL, 1, 'TestCharacter'),
	(12896, 1441792007, 1, 91591.5, 95, -78165, 0.0245437, b'1', NULL, 1, 'TestCharacter'),
	(12897, 1441792001, 1, 93208.4, 95, -78260, 3.09251, b'1', NULL, 1, 'TestCharacter'),
	(12898, 1441792005, 1, 93401, 95, -78260, -3.14159, b'1', NULL, 1, 'TestCharacter'),
	(12899, 1441792008, 1, 94197.4, 95, -78260, -3.14159, b'1', NULL, 1, 'TestCharacter'),
	(12900, 1441792053, 1, 91800.6, 95, -80140, 0.0245437, b'1', NULL, 1, 'TestCharacter'),
	(12901, 1441792002, 1, 91595.7, 95, -80740, -0.0245437, b'1', NULL, 1, 'TestCharacter'),
	(12902, 1441792028, 1, 93840, 95, -80497.9, -1.5708, b'1', NULL, 1, 'TestCharacter'),
	(12903, 1441792003, 1, 90805.6, 95, -78260, -3.11705, b'1', NULL, 1, 'TestCharacter'),
	(12904, 1441792012, 1, 89294.4, 95, -78165, -0.0245437, b'1', NULL, 1, 'TestCharacter'),
	(12905, 1441792011, 1, 89095.4, 95, -78166, -0.0490874, b'1', NULL, 1, 'TestCharacter'),
	(12906, 1441792136, 1, 88660, 95, -78496.4, 1.54625, b'1', NULL, 1, 'TestCharacter'),
	(12907, 1441792321, 1, 88295.3, 95, -79740, 0, b'1', NULL, 1, 'TestCharacter'),
	(12908, 1441792010, 1, 89098.1, 95, -80740.1, -0.0245437, b'1', NULL, 1, 'TestCharacter'),
	(12909, 1375731745, 1, 90397.9, 95, -84165, 0.0245437, b'1', NULL, 1, 'TestCharacter'),
	(12910, 1375733558, 1, 91196.9, 95, -85140, -0.0736311, b'1', NULL, 1, 'TestCharacter'),
	(12911, 1375733562, 1, 90840, 95, -86509.7, -1.61988, b'1', NULL, 1, 'TestCharacter'),
	(12912, 1375731744, 1, 90390.3, 95, -86740, -0.0245437, b'1', NULL, 1, 'TestCharacter'),
	(12913, 1375731742, 1, 90190.2, 95, -86740, 0.0245437, b'1', NULL, 1, 'TestCharacter'),
	(12914, 1375733610, 1, 91201.9, 95, -86260, -3.11705, b'1', NULL, 1, 'TestCharacter'),
	(12915, 1375731750, 1, 89902.7, 95, -89165.1, -0.0245437, b'1', NULL, 1, 'TestCharacter'),
	(12916, 1375733963, 1, 90705.3, 95, -90140, 0.0245437, b'1', NULL, 1, 'TestCharacter'),
	(12917, 1375731749, 1, 89900.9, 95, -91740, 0, b'1', NULL, 1, 'TestCharacter'),
	(12918, 1375731747, 1, 89695.9, 95, -91740, 0, b'1', NULL, 1, 'TestCharacter'),
	(12919, 1375733967, 1, 90340, 95, -91499, -1.59534, b'1', NULL, 1, 'TestCharacter'),
	(12920, 1375734005, 1, 90700.2, 95, -91260, 3.11705, b'1', NULL, 1, 'TestCharacter'),
	(12921, 1375731751, 1, 90702.5, 95, -91740, -0.0245437, b'1', NULL, 1, 'TestCharacter'),
	(12922, 1375731735, 1, 92200.2, 95, -91835, -3.09251, b'1', NULL, 1, 'TestCharacter'),
	(12923, 1375731734, 1, 92404.9, 95, -91834, -3.14159, b'1', NULL, 1, 'TestCharacter'),
	(12924, 1375733003, 1, 92840, 95, -91507.4, -1.5708, b'1', NULL, 1, 'TestCharacter'),
	(12925, 1375733032, 1, 93196.3, 95, -91260, 3.11705, b'1', NULL, 1, 'TestCharacter'),
	(12926, 1375732999, 1, 93205.9, 95, -90260, -3.11705, b'1', NULL, 1, 'TestCharacter'),
	(12927, 1375731733, 1, 92404.3, 95, -89260, 3.09251, b'1', NULL, 1, 'TestCharacter'),
	(12928, 1375731722, 1, 94399.1, 95, -89165, 0.0736311, b'1', NULL, 1, 'TestCharacter'),
	(12929, 1375732519, 1, 94396.9, 95, -89740, 0, b'1', NULL, 1, 'TestCharacter'),
	(12930, 1375732510, 1, 94840, 95, -91506.2, -1.59534, b'1', NULL, 1, 'TestCharacter'),
	(12931, 1375732555, 1, 95210.3, 95, -91260, 3.06796, b'1', NULL, 1, 'TestCharacter'),
	(12932, 1375731725, 1, 94400.2, 95, -91740, 0.0981748, b'1', NULL, 1, 'TestCharacter'),
	(12933, 1375731723, 1, 94197.4, 95, -91740, -0.0245437, b'1', NULL, 1, 'TestCharacter'),
	(12934, 1375731724, 1, 95198.7, 95, -91835, 3.09251, b'1', NULL, 1, 'TestCharacter'),
	(12935, 900726786, 1, 98635, 95, -91302.2, 1.59534, b'1', NULL, 1, 'TestCharacter'),
	(12936, 900727710, 1, 97859.8, 95, -89293.2, 1.5708, b'1', NULL, 1, 'TestCharacter'),
	(12937, 900727730, 1, 97060, 95, -88294.4, 1.61988, b'1', NULL, 1, 'TestCharacter'),
	(12938, 900727697, 1, 96298.1, 95, -89740, 0.0490874, b'1', NULL, 1, 'TestCharacter'),
	(12939, 900727689, 1, 96495.3, 95, -90340, -0.0490874, b'1', NULL, 1, 'TestCharacter'),
	(12940, 900727688, 1, 97499.6, 95, -90340, 0, b'1', NULL, 1, 'TestCharacter'),
	(12941, 672137222, 1, 108965, 95, -83501.8, -1.5708, b'1', NULL, 1, 'TestCharacter'),
	(12942, 672137223, 1, 108965, 95, -83707.1, -1.54625, b'1', NULL, 1, 'TestCharacter'),
	(12943, 672137218, 1, 108965, 95, -83902.1, -1.59534, b'1', NULL, 1, 'TestCharacter'),
	(12944, 672139294, 1, 109060, 95, -82695.6, 1.54625, b'1', NULL, 1, 'TestCharacter'),
	(12945, 672139299, 1, 109740, 95, -84094, -1.5708, b'1', NULL, 1, 'TestCharacter'),
	(12946, 672139211, 1, 108940, 95, -81308.8, -1.61988, b'1', NULL, 1, 'TestCharacter'),
	(12947, 672137224, 1, 108940, 95, -80116.3, -1.69351, b'1', NULL, 1, 'TestCharacter'),
	(12948, 672137221, 1, 108940, 95, -80294.6, -1.52171, b'1', NULL, 1, 'TestCharacter'),
	(12949, 672137220, 1, 108940, 95, -80486.7, -1.54625, b'1', NULL, 1, 'TestCharacter'),
	(12950, 1427111938, 1, 121165, 95, -69103.6, -1.61988, b'1', NULL, 1, 'TestCharacter'),
	(12951, 1427111940, 1, 121165, 95, -71097, -1.5708, b'1', NULL, 1, 'TestCharacter'),
	(12952, 1427111987, 1, 121740, 95, -69301.1, -1.66897, b'1', NULL, 1, 'TestCharacter'),
	(12953, 1427111939, 1, 123740, 95, -68302.5, -1.54625, b'1', NULL, 1, 'TestCharacter'),
	(12954, 1427111943, 1, 123740, 95, -69101, -1.59534, b'1', NULL, 1, 'TestCharacter'),
	(12955, 1427111942, 1, 123740, 95, -69297.9, -1.64443, b'1', NULL, 1, 'TestCharacter'),
	(12956, 1427111937, 1, 123740, 95, -70706, -1.59534, b'1', NULL, 1, 'TestCharacter'),
	(12957, 1427111941, 1, 123740, 95, -70908.4, -1.61988, b'1', NULL, 1, 'TestCharacter'),
	(12958, 1427111944, 1, 123740, 95, -71700.4, -1.52171, b'1', NULL, 1, 'TestCharacter'),
	(12959, 1427111952, 1, 123335, 95, -67701.8, 1.59534, b'1', NULL, 1, 'TestCharacter'),
	(12960, 1427111949, 1, 123335, 95, -66895.2, 1.61988, b'1', NULL, 1, 'TestCharacter'),
	(12961, 1427111945, 1, 123335, 95, -66688.6, 1.49717, b'1', NULL, 1, 'TestCharacter'),
	(12962, 1427111950, 1, 123335, 95, -65307.5, 1.59534, b'1', NULL, 1, 'TestCharacter'),
	(12963, 1427111951, 1, 123335, 95, -65096.4, 1.47262, b'1', NULL, 1, 'TestCharacter'),
	(12964, 1427111947, 1, 123335, 95, -64296, 1.47262, b'1', NULL, 1, 'TestCharacter'),
	(12965, 1427111946, 1, 120665, 95, -65102.9, -1.61988, b'1', NULL, 1, 'TestCharacter'),
	(12966, 1427111948, 1, 120665, 95, -67109.4, -1.59534, b'1', NULL, 1, 'TestCharacter'),
	(12967, 700448791, 1, 120297, 95, -75165, -0.0490874, b'1', NULL, 1, 'TestCharacter'),
	(12968, 700448790, 1, 122302, 95, -75165, 0.0245437, b'1', NULL, 1, 'TestCharacter'),
	(12969, 700448776, 1, 136301, 95, -75165, 0.0245437, b'1', NULL, 1, 'TestCharacter'),
	(12970, 700448777, 1, 134302, 95, -75165, 0, b'1', NULL, 1, 'TestCharacter'),
	(12971, 700449070, 1, 135697, 95, -77340, -0.0245437, b'1', NULL, 1, 'TestCharacter'),
	(12972, 700449219, 1, 135000, 95, -78308.4, -1.64443, b'1', NULL, 1, 'TestCharacter'),
	(12973, 700449095, 1, 134940, -305, -76900.5, -1.52171, b'1', NULL, 1, 'TestCharacter'),
	(12974, 700449130, 1, 134292, -305, -77140.1, -0.0490874, b'1', NULL, 1, 'TestCharacter'),
	(12975, 700449154, 1, 135490, -305, -78060, -3.11705, b'1', NULL, 1, 'TestCharacter'),
	(12976, 700449040, 1, 134698, 495, -76237.5, -3.09251, b'1', NULL, 1, 'TestCharacter'),
	(12977, 700449048, 1, 134290, 495, -76140.2, -0.0245437, b'1', NULL, 1, 'TestCharacter'),
	(12978, 700449021, 1, 135579, 495, -78492.8, -1.54625, b'1', NULL, 1, 'TestCharacter'),
	(12979, 700449030, 1, 135313, 495, -78200, 3.06796, b'1', NULL, 1, 'TestCharacter'),
	(12980, 674234371, 1, 134299, 95, -81165, 0, b'1', NULL, 1, 'TestCharacter'),
	(12981, 674234372, 1, 132303, 95, -81165, 0.0245437, b'1', NULL, 1, 'TestCharacter'),
	(12982, 674234373, 1, 130296, 95, -81165, -0.0245437, b'1', NULL, 1, 'TestCharacter'),
	(12983, 674235278, 1, 131701, 95, -83660, 3.11705, b'1', NULL, 1, 'TestCharacter'),
	(12984, 674235340, 1, 130502, -305, -82060, -3.14159, b'1', NULL, 1, 'TestCharacter'),
	(12985, 1220542471, 1, 144700, 295, -70835, 3.09251, b'1', NULL, 1, 'TestCharacter'),
	(12986, 731906092, 1, 70164, 95, -72710.5, -1.52171, b'1', NULL, 1, 'TestCharacter'),
	(12987, 731909801, 1, 70740, 95, -72696.1, -1.59534, b'1', NULL, 1, 'TestCharacter'),
	(12988, 731909205, 1, 70499.5, 95, -72460, -3.06796, b'1', NULL, 1, 'TestCharacter'),
	(12989, 731906095, 1, 70260, 95, -71700.1, 1.54625, b'1', NULL, 1, 'TestCharacter'),
	(12990, 731906094, 1, 70260, 95, -71892.2, 1.59534, b'1', NULL, 1, 'TestCharacter'),
	(12991, 731909224, 1, 72340, 95, -71499.4, -1.54625, b'1', NULL, 1, 'TestCharacter'),
	(12992, 731909225, 1, 72340, 95, -71301, -1.5708, b'1', NULL, 1, 'TestCharacter'),
	(12993, 731909201, 1, 71740, 95, -72704, -1.54625, b'1', NULL, 1, 'TestCharacter'),
	(12994, 731906093, 1, 72740, 95, -71898.5, -1.52171, b'1', NULL, 1, 'TestCharacter'),
	(12995, 731906098, 1, 72835, 95, -73894.4, 1.49717, b'1', NULL, 1, 'TestCharacter'),
	(12996, 731909554, 1, 71860, 95, -74691.2, 1.54625, b'1', NULL, 1, 'TestCharacter'),
	(12997, 731909558, 1, 70504.7, 95, -74340, 0, b'1', NULL, 1, 'TestCharacter'),
	(12998, 731909827, 1, 70740, 95, -74712.5, -1.59534, b'1', NULL, 1, 'TestCharacter'),
	(12999, 731906099, 1, 70260, 95, -74701.7, 1.59534, b'1', NULL, 1, 'TestCharacter'),
	(13000, 731906100, 1, 70260, 95, -73888.6, 1.54625, b'1', NULL, 1, 'TestCharacter'),
	(13001, 731906097, 1, 70260, 95, -73698.4, 1.5708, b'1', NULL, 1, 'TestCharacter'),
	(13002, 1007681544, 1, 67835, 95, -80301.9, 1.47262, b'1', NULL, 1, 'TestCharacter'),
	(13003, 1007681547, 1, 67835, 95, -80106.2, 1.44808, b'1', NULL, 1, 'TestCharacter'),
	(13004, 326107143, 1, 65905.9, 95, -86565, 0.0490874, b'1', NULL, 1, 'TestCharacter'),
	(13005, 326107137, 1, 65697, 95, -86565, -0.0245437, b'1', NULL, 1, 'TestCharacter'),
	(13006, 326107138, 1, 65498.1, 95, -86565, 0.0245437, b'1', NULL, 1, 'TestCharacter'),
	(13007, 326107142, 1, 65297.4, 95, -86565, 0.0245437, b'1', NULL, 1, 'TestCharacter'),
	(13008, 326108685, 1, 65596.9, 95, -88340, -0.0245437, b'1', NULL, 1, 'TestCharacter'),
	(13009, 326108664, 1, 66140, 95, -88711.1, -1.64443, b'1', NULL, 1, 'TestCharacter'),
	(13010, 326108709, 1, 65060, 95, -88695.9, 1.61988, b'1', NULL, 1, 'TestCharacter'),
	(13011, 774897665, 1, 59196.3, 95, -87765, 0.0490874, b'1', NULL, 1, 'TestCharacter'),
	(13012, 774897667, 1, 58804.2, 95, -87765, 0.0245437, b'1', NULL, 1, 'TestCharacter'),
	(13013, 774905352, 1, 58717, 95, -91300, 1.59534, b'1', NULL, 1, 'TestCharacter'),
	(13014, 774900248, 1, 60740, 95, -91895.6, -1.54625, b'1', NULL, 1, 'TestCharacter'),
	(13015, 774897666, 1, 62140, 95, -91504.8, -1.5708, b'1', NULL, 1, 'TestCharacter'),
	(13016, 774900222, 1, 60860, 95, -93295.9, 1.5708, b'1', NULL, 1, 'TestCharacter'),
	(13017, 774897670, 1, 59197.5, 95, -94140, -0.0490874, b'1', NULL, 1, 'TestCharacter'),
	(13018, 774897669, 1, 58793.5, 95, -94140, -0.0245437, b'1', NULL, 1, 'TestCharacter'),
	(13019, 774900223, 1, 57260, 95, -93298.4, 1.52171, b'1', NULL, 1, 'TestCharacter'),
	(13020, 774897668, 1, 55860, 95, -91499.3, 1.54625, b'1', NULL, 1, 'TestCharacter'),
	(13021, 774900247, 1, 57140, 95, -91903.2, -1.5708, b'1', NULL, 1, 'TestCharacter'),
	(13022, 681574423, 1, 58701.8, 95, -83835, -3.14159, b'1', NULL, 1, 'TestCharacter'),
	(13023, 681575853, 1, 58701.8, 95, -83268.3, -3.14159, b'1', NULL, 1, 'TestCharacter'),
	(13024, 681575807, 1, 58460, 95, -83498.4, 1.54625, b'1', NULL, 1, 'TestCharacter'),
	(13025, 681574421, 1, 57685.7, 95, -83778.6, -0.269981, b'1', NULL, 1, 'TestCharacter'),
	(13026, 681574424, 1, 57893, 95, -83705.3, -0.0245437, b'1', NULL, 1, 'TestCharacter'),
	(13027, 681575816, 1, 57907, 95, -81860, 3.11705, b'1', NULL, 1, 'TestCharacter'),
	(13028, 681574422, 1, 57896.1, 95, -81200, -3.11705, b'1', NULL, 1, 'TestCharacter'),
	(13029, 1007681549, 1, 59664, 95, -80695.7, -1.5708, b'1', NULL, 1, 'TestCharacter'),
	(13030, 1007685683, 1, 60240, 95, -80703.2, -1.61988, b'1', NULL, 1, 'TestCharacter'),
	(13031, 1007685655, 1, 60005.6, 95, -80460, -3.06796, b'1', NULL, 1, 'TestCharacter'),
	(13032, 1007681552, 1, 59726.8, 95, -79688.8, 1.49717, b'1', NULL, 1, 'TestCharacter'),
	(13033, 1007681551, 1, 59737.8, 95, -79891, 1.54625, b'1', NULL, 1, 'TestCharacter'),
	(13034, 681574419, 1, 60200.6, 95, -83835, -3.09251, b'1', NULL, 1, 'TestCharacter'),
	(13035, 681574418, 1, 60393.3, 95, -83740, 0, b'1', NULL, 1, 'TestCharacter'),
	(13036, 1007681555, 1, 58835, 95, -80293.8, 1.5708, b'1', NULL, 1, 'TestCharacter'),
	(13037, 1007681557, 1, 58835, 95, -80093.8, 1.47262, b'1', NULL, 1, 'TestCharacter'),
	(13038, 508559381, 1, 53105.4, 95, -73335, -3.11705, b'1', NULL, 1, 'TestCharacter'),
	(13039, 508560765, 1, 52302.4, 95, -72360, -3.11705, b'1', NULL, 1, 'TestCharacter'),
	(13040, 508559374, 1, 55602.6, 95, -72835, -3.14159, b'1', NULL, 1, 'TestCharacter'),
	(13041, 508559370, 1, 55606.6, 95, -70260, 3.09251, b'1', NULL, 1, 'TestCharacter'),
	(13042, 508559371, 1, 55797.1, 95, -70260, -3.14159, b'1', NULL, 1, 'TestCharacter'),
	(13043, 950009865, 1, 55297.4, 95, -67635, -3.14159, b'1', NULL, 1, 'TestCharacter'),
	(13044, 950009863, 1, 55088.9, 95, -67635, -3.11705, b'1', NULL, 1, 'TestCharacter'),
	(13045, 950009864, 1, 57290.6, 95, -67635, 3.11705, b'1', NULL, 1, 'TestCharacter'),
	(13046, 950009859, 1, 60709.3, 95, -67635, -3.11705, b'1', NULL, 1, 'TestCharacter'),
	(13047, 790626311, 1, 71465, 95, -85205.3, -1.52171, b'1', NULL, 1, 'TestCharacter'),
	(13048, 790626309, 1, 71465, 95, -84799.9, -1.61988, b'1', NULL, 1, 'TestCharacter'),
	(13049, 790629545, 1, 74901.5, 95, -83260, -3.11705, b'1', NULL, 1, 'TestCharacter'),
	(13050, 790629547, 1, 77298.7, 95, -83540, -0.0245437, b'1', NULL, 1, 'TestCharacter'),
	(13051, 790629593, 1, 77298.2, 95, -86540, 0.0245437, b'1', NULL, 1, 'TestCharacter'),
	(13052, 790626307, 1, 79194.5, 95, -88340, -0.0245437, b'1', NULL, 1, 'TestCharacter'),
	(13053, 790626312, 1, 78997.9, 95, -88340, -0.0245437, b'1', NULL, 1, 'TestCharacter'),
	(13054, 1182793736, 1, 78897.8, 95, -89165, 0, b'1', NULL, 1, 'TestCharacter'),
	(13055, 1182795025, 1, 79693.6, 95, -90140, -0.0245437, b'1', NULL, 1, 'TestCharacter'),
	(13056, 1182793738, 1, 78896.6, 95, -91740, 0.0245437, b'1', NULL, 1, 'TestCharacter'),
	(13057, 1182793735, 1, 78689.1, 95, -91740, -0.0490874, b'1', NULL, 1, 'TestCharacter'),
	(13058, 241172484, 1, 81065, 95, -98503.1, -1.5708, b'1', NULL, 1, 'TestCharacter'),
	(13059, 790626313, 1, 79005, 95, -81655, 3.11705, b'1', NULL, 1, 'TestCharacter'),
	(13060, 790626310, 1, 79210, 95, -81655, 3.11705, b'1', NULL, 1, 'TestCharacter'),
	(13061, 498073615, 1, 82170, 95, -77590, -1.5708, b'1', NULL, 1, 'TestCharacter'),
	(13062, 498074708, 1, 84100, 95, -77150, -3.11705, b'1', NULL, 1, 'TestCharacter'),
	(13063, 498073607, 1, 84740, 95, -76790, -1.49717, b'1', NULL, 1, 'TestCharacter'),
	(13064, 498073611, 1, 84740, 95, -77600, -1.52171, b'1', NULL, 1, 'TestCharacter'),
	(13065, 498073612, 1, 84830, 95, -77800, 1.71806, b'1', NULL, 1, 'TestCharacter'),
	(13066, 498073610, 1, 84830, 95, -79190, 1.54625, b'1', NULL, 1, 'TestCharacter'),
	(13067, 498073608, 1, 84830, 95, -79400, 1.59534, b'1', NULL, 1, 'TestCharacter'),
	(13068, 498073609, 1, 84830, 95, -80200, 1.59534, b'1', NULL, 1, 'TestCharacter'),
	(13069, 790626308, 1, 83730, 95, -84990, 1.59534, b'1', NULL, 1, 'TestCharacter'),
	(13070, 224395267, 1, 86160, 95, -88700, -1.5708, b'1', NULL, 1, 'TestCharacter'),
	(13071, 731906088, 1, 75100, 95, -76800, 3.09251, b'1', NULL, 1, 'TestCharacter'),
	(13072, 731906103, 1, 72800, 95, -76400, 1.59534, b'1', NULL, 1, 'TestCharacter'),
	(13073, 731906105, 1, 70150, 95, -76200, -1.54625, b'1', NULL, 1, 'TestCharacter'),
	(13074, 731906104, 1, 70150, 95, -76400, -1.59534, b'1', NULL, 1, 'TestCharacter'),
	(13075, 731906102, 1, 70150, 95, -77150, -1.54625, b'1', NULL, 1, 'TestCharacter'),
	(13076, 731909842, 1, 70700, 95, -77200, -1.59534, b'1', NULL, 1, 'TestCharacter'),
	(13077, 731909767, 1, 70450, 95, -76950, -3.11705, b'1', NULL, 1, 'TestCharacter'),
	(13078, 1268776961, 1, 70700, 95, -67830, -3.14159, b'1', NULL, 1, 'TestCharacter'),
	(13079, 1268776963, 1, 69900, 95, -67830, -3.09251, b'1', NULL, 1, 'TestCharacter'),
	(13080, 1268776964, 1, 69700, 95, -67830, 3.11705, b'1', NULL, 1, 'TestCharacter'),
	(13081, 1268777179, 1, 70700, 95, -66260, -3.14159, b'1', NULL, 1, 'TestCharacter'),
	(13082, 1268776962, 1, 69900, 95, -65250, -3.14159, b'1', NULL, 1, 'TestCharacter'),
	(13083, 1268776979, 1, 67890, 95, -65160, -0.0245437, b'1', NULL, 1, 'TestCharacter'),
	(13084, 1268776978, 1, 65890, 95, -65160, -0.0245437, b'1', NULL, 1, 'TestCharacter'),
	(13085, 1268776966, 1, 63890, 95, -65160, -0.0245437, b'1', NULL, 1, 'TestCharacter'),
	(13086, 1268777482, 1, 63890, 95, -65740, 0, b'1', NULL, 1, 'TestCharacter'),
	(13087, 1268776969, 1, 63890, 95, -67740, 0.0245437, b'1', NULL, 1, 'TestCharacter'),
	(13088, 1268776967, 1, 63690, 95, -67740, 0.0736311, b'1', NULL, 1, 'TestCharacter'),
	(13089, 353370118, 1, 64290, 95, -70160, -0.0245437, b'1', NULL, 1, 'TestCharacter'),
	(13090, 353370120, 1, 64100, 95, -70160, 0.0490874, b'1', NULL, 1, 'TestCharacter'),
	(13091, 353370122, 1, 63300, 95, -70160, 0.0245437, b'1', NULL, 1, 'TestCharacter'),
	(13092, 353370385, 1, 63290, 95, -70740, -0.0245437, b'1', NULL, 1, 'TestCharacter'),
	(13093, 353370114, 1, 65160, 95, -71090, -1.54625, b'1', NULL, 1, 'TestCharacter'),
	(13094, 353370351, 1, 65740, 95, -71100, -1.5708, b'1', NULL, 1, 'TestCharacter'),
	(13095, 353370113, 1, 67800, 95, -71310, -1.54625, b'1', NULL, 1, 'TestCharacter'),
	(13096, 353370116, 1, 67830, 95, -71090, 1.61988, b'1', NULL, 1, 'TestCharacter'),
	(13097, 353370115, 1, 67830, 95, -70290, 1.54625, b'1', NULL, 1, 'TestCharacter'),
	(13098, 508559364, 1, 61800, 95, -70160, -0.0736311, b'1', NULL, 1, 'TestCharacter'),
	(13099, 508559363, 1, 61590, 95, -70160, -0.0490874, b'1', NULL, 1, 'TestCharacter'),
	(13100, 508559361, 1, 60800, 95, -70160, 0.0490874, b'1', NULL, 1, 'TestCharacter'),
	(13101, 508559394, 1, 60790, 95, -70740, 0, b'1', NULL, 1, 'TestCharacter'),
	(13102, 508559395, 1, 61040, 95, -70500, -1.59534, b'1', NULL, 1, 'TestCharacter'),
	(13103, 1268776983, 1, 61700, 95, -67830, 0, b'1', NULL, 1, 'TestCharacter'),
	(13104, 1268776982, 1, 61900, 95, -67830, 0, b'1', NULL, 1, 'TestCharacter'),
	(13105, 1268776980, 1, 62700, 95, -67830, 3.11705, b'1', NULL, 1, 'TestCharacter'),
	(13106, 1268778881, 1, 62700, 95, -67250, -3.11705, b'1', NULL, 1, 'TestCharacter'),
	(13107, 1268778851, 1, 62460, 95, -67490, 1.5708, b'1', NULL, 1, 'TestCharacter'),
	(13108, 1268778847, 1, 62700, 95, -66260, 3.11705, b'1', NULL, 1, 'TestCharacter'),
	(13109, 1268776981, 1, 61900, 95, -65260, 3.11705, b'1', NULL, 1, 'TestCharacter'),
	(13110, 17825794, 1, 54830, 95, -61890, 0, b'1', NULL, 1, 'TestCharacter'),
	(13111, 1302331425, 1, 54300, 95, -55630, 3.11705, b'1', NULL, 1, 'TestCharacter'),
	(13112, 1302332970, 1, 54340, 95, -54300, -1.5708, b'1', NULL, 1, 'TestCharacter'),
	(13113, 1302332912, 1, 55340, 95, -53700, -1.59534, b'1', NULL, 1, 'TestCharacter'),
	(13114, 1302331426, 1, 55690, 95, -55540, -0.0245437, b'1', NULL, 1, 'TestCharacter'),
	(13115, 1138753538, 1, 57660, 95, -58700, -1.5708, b'1', NULL, 1, 'TestCharacter'),
	(13116, 1138753540, 1, 57660, 95, -58900, -1.59534, b'1', NULL, 1, 'TestCharacter'),
	(13117, 1138753539, 1, 57660, 95, -59700, -1.5708, b'1', NULL, 1, 'TestCharacter'),
	(13118, 1138753794, 1, 58240, 95, -59700, -1.59534, b'1', NULL, 1, 'TestCharacter'),
	(13119, 1138753748, 1, 58000, 95, -59460, -3.11705, b'1', NULL, 1, 'TestCharacter'),
	(13120, 1138753757, 1, 59640, 95, -58890, -1.61988, b'1', NULL, 1, 'TestCharacter'),
	(13121, 1138753537, 1, 60240, 95, -58900, -1.54625, b'1', NULL, 1, 'TestCharacter'),
	(13122, 907018254, 1, 71830, 95, -45290, 1.54625, b'1', NULL, 1, 'TestCharacter'),
	(13123, 907018253, 1, 71830, 95, -45090, 1.49717, b'1', NULL, 1, 'TestCharacter'),
	(13124, 907018251, 1, 71830, 95, -44290, 1.61988, b'1', NULL, 1, 'TestCharacter'),
	(13125, 907018290, 1, 71260, 95, -44280, 1.5708, b'1', NULL, 1, 'TestCharacter'),
	(13126, 1268776993, 1, 61665, 95, -61604.5, -1.59534, b'1', NULL, 1, 'TestCharacter'),
	(13127, 1268779437, 1, 62640, 95, -60803.4, -1.59534, b'1', NULL, 1, 'TestCharacter'),
	(13128, 1268776992, 1, 64240, 95, -61604.4, -1.59534, b'1', NULL, 1, 'TestCharacter'),
	(13129, 1268776990, 1, 64240, 95, -61809, -1.5708, b'1', NULL, 1, 'TestCharacter'),
	(13130, 1268778586, 1, 64007.6, 95, -61160, -3.14159, b'1', NULL, 1, 'TestCharacter'),
	(13131, 1268778585, 1, 63760, 95, -60794.7, 1.59534, b'1', NULL, 1, 'TestCharacter'),
	(13132, 1268776994, 1, 64240, 95, -60803.5, -1.5708, b'1', NULL, 1, 'TestCharacter'),
	(13133, 34603031, 1, 57502.7, 694.999, -35035, 3.11705, b'1', NULL, 1, 'TestCharacter'),
	(13134, 34603030, 1, 57500.2, 694.999, -34935, 3.11705, b'1', NULL, 1, 'TestCharacter'),
	(13135, 34603025, 1, 57897.5, 694.999, -35035, -3.11705, b'1', NULL, 1, 'TestCharacter'),
	(13136, 34605960, 1, 57711.2, 694.999, -34460, -3.06796, b'1', NULL, 1, 'TestCharacter'),
	(13137, 34605972, 1, 57319.1, 694.999, -33260, 2.96979, b'1', NULL, 1, 'TestCharacter'),
	(13138, 203423750, 1, 58691, 95, -40565, 0, b'1', NULL, 1, 'TestCharacter'),
	(13139, 203423748, 1, 59303.8, 95, -40565, 0, b'1', NULL, 1, 'TestCharacter'),
	(13140, 872415234, 1, 81165, 694.999, -41094.3, -1.5708, b'1', NULL, 1, 'TestCharacter'),
	(13141, 263192589, 1, 77335, 694.999, -38899.7, 1.5708, b'1', NULL, 1, 'TestCharacter'),
	(13142, 263192820, 1, 76002.4, 694.999, -38660, -3.11705, b'1', NULL, 1, 'TestCharacter'),
	(13143, 163577869, 1, 67704.1, 694.999, -34034.9, -3.14159, b'1', NULL, 1, 'TestCharacter'),
	(13144, 163577867, 1, 67904, 694.999, -34035, 3.11705, b'1', NULL, 1, 'TestCharacter'),
	(13145, 163577870, 1, 67493.5, 694.999, -33940, 0, b'1', NULL, 1, 'TestCharacter'),
	(13146, 163579156, 1, 67703.3, 694.999, -33460, 3.11705, b'1', NULL, 1, 'TestCharacter'),
	(13147, 163577871, 1, 64305.2, 694.999, -34060, -3.11705, b'1', NULL, 1, 'TestCharacter'),
	(13148, 163577866, 1, 64102.8, 694.999, -34060, -3.11705, b'1', NULL, 1, 'TestCharacter'),
	(13149, 163577872, 1, 64508.4, 694.999, -34060, -3.11705, b'1', NULL, 1, 'TestCharacter'),
	(13150, 163577861, 1, 67702.1, 694.999, -26035, 3.11705, b'1', NULL, 1, 'TestCharacter'),
	(13151, 163577859, 1, 67893.3, 694.999, -25940, -0.0981748, b'1', NULL, 1, 'TestCharacter'),
	(13152, 163577862, 1, 67496.7, 694.999, -25940, -0.0490874, b'1', NULL, 1, 'TestCharacter'),
	(13153, 430964742, 1, 83498.1, 694.999, -34035, -3.14159, b'1', NULL, 1, 'TestCharacter'),
	(13154, 430964741, 1, 83703.9, 694.999, -34035, -3.11705, b'1', NULL, 1, 'TestCharacter'),
	(13155, 430964739, 1, 83900.2, 694.999, -34035, -3.14159, b'1', NULL, 1, 'TestCharacter'),
	(13156, 900726787, 1, 99635, 95, -88294.9, 1.54625, b'1', NULL, 1, 'TestCharacter'),
	(13157, 900726790, 1, 99835, 95, -81796.5, 1.59534, b'1', NULL, 1, 'TestCharacter'),
	(13158, 900727743, 1, 99260, 95, -81797.1, 1.54625, b'1', NULL, 1, 'TestCharacter'),
	(13159, 900727744, 1, 99496.5, 95, -82040, 0.0245437, b'1', NULL, 1, 'TestCharacter'),
	(13160, 900726788, 1, 99740, 95, -82802, -1.5708, b'1', NULL, 1, 'TestCharacter'),
	(13161, 900726791, 1, 99740, 95, -82601.1, -1.54625, b'1', NULL, 1, 'TestCharacter'),
	(13162, 900728053, 1, 97859.8, 95, -82596.8, 1.5708, b'1', NULL, 1, 'TestCharacter'),
	(13163, 900726789, 1, 97260, 95, -82599.5, 1.59534, b'1', NULL, 1, 'TestCharacter'),
	(13164, 900726795, 1, 97165.2, 95, -84605.4, -1.59534, b'1', NULL, 1, 'TestCharacter'),
	(13165, 900728249, 1, 98140, 95, -83806, -1.59534, b'1', NULL, 1, 'TestCharacter'),
	(13166, 900726796, 1, 99740, 95, -84606.4, -1.61988, b'1', NULL, 1, 'TestCharacter'),
	(13167, 900726797, 1, 99740, 95, -84804.6, -1.54625, b'1', NULL, 1, 'TestCharacter');
/*!40000 ALTER TABLE `doors` ENABLE KEYS */;

-- Exportiere Struktur von Tabelle reality_hd.factions
CREATE TABLE IF NOT EXISTS `factions` (
  `id` int(11) NOT NULL AUTO_INCREMENT,
  `name` varchar(256) DEFAULT '0',
  `master_player_handle` varchar(256) DEFAULT '0',
  `created_at` datetime DEFAULT '0000-00-00 00:00:00',
  `deleted_at` datetime DEFAULT '0000-00-00 00:00:00',
  PRIMARY KEY (`id`)
) ENGINE=InnoDB AUTO_INCREMENT=2 DEFAULT CHARSET=latin1;

-- Exportiere Daten aus Tabelle reality_hd.factions: ~0 rows (ungefähr)
/*!40000 ALTER TABLE `factions` DISABLE KEYS */;
/*!40000 ALTER TABLE `factions` ENABLE KEYS */;

-- Exportiere Struktur von Tabelle reality_hd.inventory
CREATE TABLE IF NOT EXISTS `inventory` (
  `invId` int(11) unsigned NOT NULL AUTO_INCREMENT,
  `charId` bigint(11) unsigned NOT NULL,
  `goid` bigint(11) NOT NULL,
  `slot` tinyint(11) unsigned NOT NULL,
  `count` int(11) NOT NULL,
  `purity` int(11) NOT NULL,
  `updated` datetime NOT NULL,
  `created` datetime NOT NULL,
  PRIMARY KEY (`invId`)
) ENGINE=MyISAM AUTO_INCREMENT=167 DEFAULT CHARSET=latin1;

-- Exportiere Daten aus Tabelle reality_hd.inventory: 78 rows
/*!40000 ALTER TABLE `inventory` DISABLE KEYS */;
INSERT IGNORE INTO `inventory` (`invId`, `charId`, `goid`, `slot`, `count`, `purity`, `updated`, `created`) VALUES
	(1, 3, 7332, 0, 0, 0, '2012-01-11 06:49:44', '2012-01-11 06:49:44'),
	(4, 3, 7332, 0, 1, 1, '2012-01-30 09:58:00', '2012-01-30 09:58:00'),
	(27, 3, 2147484672, 4, 0, 0, '0000-00-00 00:00:00', '2012-01-31 12:14:12'),
	(26, 3, 2147490816, 1, 0, 0, '0000-00-00 00:00:00', '2012-01-31 12:13:56'),
	(28, 3, 2147492864, 5, 0, 0, '0000-00-00 00:00:00', '2012-01-31 12:14:14'),
	(29, 3, 2147494912, 3, 0, 0, '0000-00-00 00:00:00', '2012-01-31 12:14:16'),
	(30, 3, 2147499008, 6, 0, 0, '0000-00-00 00:00:00', '2012-01-31 12:14:21'),
	(31, 3, 2148660224, 1, 0, 0, '0000-00-00 00:00:00', '2012-01-31 12:14:24'),
	(32, 3, 2147492864, 17, 0, 0, '0000-00-00 00:00:00', '2012-01-31 14:46:01'),
	(33, 3, 2147492864, 7, 0, 0, '0000-00-00 00:00:00', '2012-01-31 14:46:05'),
	(34, 3, 2147492864, 18, 0, 0, '0000-00-00 00:00:00', '2012-01-31 14:46:06'),
	(35, 3, 2147492864, 8, 0, 0, '0000-00-00 00:00:00', '2012-01-31 14:46:07'),
	(36, 3, 2147492864, 19, 0, 0, '0000-00-00 00:00:00', '2012-01-31 14:46:07'),
	(37, 3, 2147492864, 9, 0, 0, '0000-00-00 00:00:00', '2012-01-31 14:46:08'),
	(38, 3, 2148375552, 20, 0, 0, '0000-00-00 00:00:00', '2012-01-31 14:46:35'),
	(39, 3, 2147490816, 10, 0, 0, '0000-00-00 00:00:00', '2012-01-31 15:48:32'),
	(40, 3, 2147490816, 21, 0, 0, '0000-00-00 00:00:00', '2012-02-02 16:04:18'),
	(41, 3, 2147490816, 11, 0, 0, '0000-00-00 00:00:00', '2012-02-02 16:04:22'),
	(42, 3, 2147490816, 22, 0, 0, '0000-00-00 00:00:00', '2012-09-04 16:19:15'),
	(43, 3, 2147490816, 12, 0, 0, '0000-00-00 00:00:00', '2012-09-04 16:19:16'),
	(44, 3, 2147490816, 23, 0, 0, '0000-00-00 00:00:00', '2013-07-25 14:33:42'),
	(45, 3, 2147490816, 13, 0, 0, '0000-00-00 00:00:00', '2013-07-25 14:33:45'),
	(46, 3, 2147491840, 24, 0, 0, '0000-00-00 00:00:00', '2013-07-25 14:33:46'),
	(47, 3, 2147490816, 14, 0, 0, '0000-00-00 00:00:00', '2013-07-25 14:34:21'),
	(48, 3, 2147490816, 25, 0, 0, '0000-00-00 00:00:00', '2013-07-25 14:34:23'),
	(49, 3, 2147490816, 15, 0, 0, '0000-00-00 00:00:00', '2013-07-25 14:34:23'),
	(50, 3, 2147490816, 26, 0, 0, '0000-00-00 00:00:00', '2013-07-25 14:34:24'),
	(51, 3, 2147490816, 16, 0, 0, '0000-00-00 00:00:00', '2013-07-25 14:34:24'),
	(52, 3, 2147490816, 27, 0, 0, '0000-00-00 00:00:00', '2013-07-25 14:34:24'),
	(53, 3, 2147490816, 28, 0, 0, '0000-00-00 00:00:00', '2013-07-25 15:07:52'),
	(54, 3, 2147491840, 29, 0, 0, '0000-00-00 00:00:00', '2013-07-25 15:07:55'),
	(55, 3, 2147490816, 30, 0, 0, '0000-00-00 00:00:00', '2013-07-25 15:10:36'),
	(56, 3, 2147490816, 31, 0, 0, '0000-00-00 00:00:00', '2013-07-25 15:10:41'),
	(57, 3, 2147490816, 32, 0, 0, '0000-00-00 00:00:00', '2013-08-09 09:14:07'),
	(58, 3, 2147491840, 33, 0, 0, '0000-00-00 00:00:00', '2013-08-09 09:14:12'),
	(59, 3, 2147492864, 35, 0, 0, '0000-00-00 00:00:00', '2013-08-09 09:14:14'),
	(60, 3, 2148660224, 34, 0, 0, '0000-00-00 00:00:00', '2013-08-09 09:14:17'),
	(61, 3, 2147490816, 2, 0, 0, '0000-00-00 00:00:00', '2014-10-06 16:00:00'),
	(62, 3, 2147491840, 36, 0, 0, '0000-00-00 00:00:00', '2014-10-06 16:00:04'),
	(63, 3, 2147492864, 37, 0, 0, '0000-00-00 00:00:00', '2014-10-06 16:00:12'),
	(64, 3, 2147490816, 38, 0, 0, '0000-00-00 00:00:00', '2015-06-27 12:05:06'),
	(65, 3, 2147490816, 39, 0, 0, '0000-00-00 00:00:00', '2015-06-27 12:05:11'),
	(66, 3, 2147490816, 40, 0, 0, '0000-00-00 00:00:00', '2015-06-27 16:30:03'),
	(67, 3, 2147490816, 41, 0, 0, '0000-00-00 00:00:00', '2015-06-27 16:30:09'),
	(68, 3, 2147490816, 42, 0, 0, '0000-00-00 00:00:00', '2015-06-27 16:30:10'),
	(69, 3, 2147490816, 43, 0, 0, '0000-00-00 00:00:00', '2015-06-27 16:30:11'),
	(70, 3, 2147488768, 44, 0, 0, '0000-00-00 00:00:00', '2015-06-27 16:30:14'),
	(71, 3, 2147492864, 45, 0, 0, '0000-00-00 00:00:00', '2015-06-27 16:30:19'),
	(72, 3, 2147490816, 46, 0, 0, '0000-00-00 00:00:00', '2015-09-03 06:47:34'),
	(73, 3, 2147490816, 47, 0, 0, '0000-00-00 00:00:00', '2015-09-03 06:47:35'),
	(74, 3, 2147494912, 48, 0, 0, '0000-00-00 00:00:00', '2015-10-14 21:24:08'),
	(75, 3, 2147494912, 49, 0, 0, '0000-00-00 00:00:00', '2015-10-14 21:24:08'),
	(76, 3, 2147494912, 50, 0, 0, '0000-00-00 00:00:00', '2015-10-14 21:24:08'),
	(77, 3, 2147494912, 51, 0, 0, '0000-00-00 00:00:00', '2015-10-14 21:24:09'),
	(78, 3, 2147490816, 52, 0, 0, '0000-00-00 00:00:00', '2015-10-25 19:40:34'),
	(79, 110, 2148374528, 0, 0, 0, '0000-00-00 00:00:00', '2016-03-17 21:34:18'),
	(80, 110, 2148374528, 1, 0, 0, '0000-00-00 00:00:00', '2016-03-17 21:34:18'),
	(81, 2, 2147490816, 7, 0, 0, '0000-00-00 00:00:00', '2016-03-20 23:52:21'),
	(82, 2, 2147490816, 1, 0, 0, '0000-00-00 00:00:00', '2016-03-20 23:52:21'),
	(83, 2, 2147490816, 2, 0, 0, '0000-00-00 00:00:00', '2016-12-07 22:53:26'),
	(84, 2, 39766, 3, 0, 1, '0000-00-00 00:00:00', '2017-03-03 11:35:31'),
	(85, 2, 39766, 4, 0, 1, '0000-00-00 00:00:00', '0000-00-00 00:00:00'),
	(86, 113, 47140, 1, 0, 1, '0000-00-00 00:00:00', '0000-00-00 00:00:00'),
	(87, 113, 7510, 103, 0, 1, '0000-00-00 00:00:00', '0000-00-00 00:00:00'),
	(88, 113, 45928, 99, 0, 1, '0000-00-00 00:00:00', '0000-00-00 00:00:00'),
	(155, 113, 38145, 101, 0, 0, '0000-00-00 00:00:00', '2017-03-10 21:27:44'),
	(156, 113, 38146, 100, 0, 0, '0000-00-00 00:00:00', '2017-03-10 21:27:54'),
	(97, 113, 38145, 2, 0, 0, '0000-00-00 00:00:00', '2017-03-10 21:22:12'),
	(157, 113, 38142, 8, 0, 0, '0000-00-00 00:00:00', '2017-03-10 21:28:25'),
	(158, 113, 38145, 3, 0, 0, '0000-00-00 00:00:00', '2017-03-10 23:49:13'),
	(159, 113, 38146, 4, 0, 0, '0000-00-00 00:00:00', '2017-03-10 23:49:15'),
	(160, 113, 38146, 5, 0, 0, '0000-00-00 00:00:00', '2017-03-10 23:49:16'),
	(161, 113, 38146, 6, 0, 0, '0000-00-00 00:00:00', '2017-03-10 23:49:16'),
	(162, 113, 38142, 9, 0, 0, '0000-00-00 00:00:00', '2017-03-10 23:49:19'),
	(163, 2, 38146, 101, 0, 0, '0000-00-00 00:00:00', '2017-03-11 00:26:59'),
	(164, 113, 47952, 13, 0, 1, '0000-00-00 00:00:00', '0000-00-00 00:00:00'),
	(165, 2, 38146, 5, 0, 0, '0000-00-00 00:00:00', '2017-04-11 17:07:30'),
	(166, 2, 7878, 0, 0, 0, '0000-00-00 00:00:00', '2017-05-11 16:20:49');
/*!40000 ALTER TABLE `inventory` ENABLE KEYS */;

-- Exportiere Struktur von Tabelle reality_hd.locations
CREATE TABLE IF NOT EXISTS `locations` (
  `Id` int(10) unsigned NOT NULL AUTO_INCREMENT,
  `Command` varchar(45) NOT NULL,
  `X` double NOT NULL,
  `Y` double NOT NULL,
  `Z` double NOT NULL,
  `District` tinyint(3) unsigned NOT NULL,
  PRIMARY KEY (`Id`),
  UNIQUE KEY `Id` (`Id`)
) ENGINE=MyISAM AUTO_INCREMENT=62 DEFAULT CHARSET=utf8;

-- Exportiere Daten aus Tabelle reality_hd.locations: 45 rows
/*!40000 ALTER TABLE `locations` DISABLE KEYS */;
INSERT IGNORE INTO `locations` (`Id`, `Command`, `X`, `Y`, `Z`, `District`) VALUES
	(17, 'Whiteroom', 203183, 95, -172722, 1),
	(18, 'Hallways', 211015, -105, -162254, 1),
	(19, 'MaraCentral', 16802.3, 495, 3237.01, 1),
	(20, 'VaultClub', 29966.4, 22295, -3233.15, 2),
	(21, 'Whiteroom2', -58679.7, 95, 135827, 2),
	(22, 'Whiteroom1', -58418.9, 95, 139168, 2),
	(23, 'LargeHallways1', 101672, 95, 99688.9, 2),
	(24, 'LargeHallways2', 101600, 100, 126000, 2),
	(25, 'PolyVinyl', 28464.5, -705, 2111.1, 1),
	(26, 'Neo', -91572.5, -705, -164673, 1),
	(27, 'CamonChurch', 111091, -505, -48948.7, 1),
	(28, 'SanguineClub', 106321, 694.999, -16772.9, 1),
	(29, 'TaborPlaza', 48497.2, 495, 42309.5, 1),
	(30, 'TaborTower', 51605.4, 7495, 53883, 1),
	(31, 'KaltChemical', 81943, 95, -107681, 1),
	(32, 'DaemonClub', -20607.7, 95, -123654, 1),
	(33, 'Caves', -61657, -3908.18, -32561.3, 1),
	(34, 'CentralPower', -33059.7, 95, -98468.7, 1),
	(35, 'Probability', -85534.3, 109.712, -109513, 1),
	(36, 'Ascension', -49979.7, 2495, -71401.1, 1),
	(37, 'LinchpinClub', -25615.2, 95, -30282.1, 1),
	(38, 'Mjolnir', 12105.5, 95, -32503.2, 1),
	(39, 'Highschool', 42018.5, 495, -130268, 1),
	(40, 'Majesty', 33480.9, 91.4854, -146214, 1),
	(41, 'ZalmonCasino', 104162, -505, -175606, 1),
	(42, 'HammersfieldCourts', 130386, -605, -140205, 1),
	(43, 'AzimuthTwin', 133007, -108.184, -98555.5, 1),
	(44, 'AvalonClub', 125652, 95, -116325, 1),
	(45, 'Beryl', 140635, 3295, -109089, 1),
	(46, 'Office1', 5033.63, 495, 15395.4, 0),
	(47, 'ExtractionRoom1', 9246.28, 295, 15059.3, 0),
	(48, 'Subway1', 6846.27, 295, 21113.5, 0),
	(49, 'ReadChairWhiteRoom1', 7492.12, 3995, -15671, 0),
	(50, 'Hypersphere', -60925.3, 95, 12865.7, 1),
	(51, 'HeartHotel', -72165.7, 95, 5912.79, 1),
	(52, 'Metacortex', -124095, 1295, -19459.8, 2),
	(53, 'GovtBuilding', 68406.9, 1313, 27064.9, 2),
	(54, 'TheLobby', -67381.9, 1295, 26559.9, 2),
	(55, 'ClubHel1', -30507.6, -14505, -6885.32, 2),
	(56, 'ClubHelBalcony1', -27307.2, -12905, -563.901, 2),
	(57, 'SphinxClub', 25676.4, 495, -105156, 1),
	(58, 'MaraNWHL', 7673.72, 95, 13844.9, 1),
	(59, 'MaribeauTestBench', -33684.5, 1895, -45400.7, 2),
	(60, 'TestTW', 186638.40625, -905, 50007.699219, 1),
	(61, 'LargeHalls1', 186638, -905, 50007.7, 1);
/*!40000 ALTER TABLE `locations` ENABLE KEYS */;

-- Exportiere Struktur von Tabelle reality_hd.marketplace
CREATE TABLE IF NOT EXISTS `marketplace` (
  `id` int(10) NOT NULL DEFAULT '0',
  `category` varchar(15) NOT NULL DEFAULT '0',
  `itemID` int(10) DEFAULT NULL,
  `purity` int(10) DEFAULT NULL,
  `delistPrice` int(10) DEFAULT NULL,
  `price` int(10) DEFAULT NULL,
  `charID` int(10) DEFAULT NULL,
  `charRep` int(10) DEFAULT NULL,
  `is_sold` int(10) DEFAULT NULL,
  `created` int(10) DEFAULT NULL,
  PRIMARY KEY (`id`)
) ENGINE=InnoDB DEFAULT CHARSET=utf8;

-- Exportiere Daten aus Tabelle reality_hd.marketplace: ~0 rows (ungefähr)
/*!40000 ALTER TABLE `marketplace` DISABLE KEYS */;
/*!40000 ALTER TABLE `marketplace` ENABLE KEYS */;

-- Exportiere Struktur von Tabelle reality_hd.rsivalues
CREATE TABLE IF NOT EXISTS `rsivalues` (
  `charid` smallint(6) NOT NULL,
  `sex` smallint(6) NOT NULL,
  `body` smallint(6) NOT NULL,
  `hat` smallint(6) NOT NULL,
  `face` smallint(6) NOT NULL,
  `shirt` smallint(6) NOT NULL,
  `coat` smallint(6) NOT NULL,
  `pants` smallint(6) NOT NULL,
  `shoes` smallint(6) NOT NULL,
  `gloves` smallint(6) NOT NULL,
  `glasses` smallint(6) NOT NULL,
  `hair` smallint(6) NOT NULL,
  `facialdetail` smallint(6) NOT NULL,
  `shirtcolor` smallint(6) NOT NULL,
  `pantscolor` smallint(6) NOT NULL,
  `coatcolor` smallint(6) NOT NULL,
  `shoecolor` smallint(6) NOT NULL,
  `glassescolor` smallint(6) NOT NULL,
  `haircolor` smallint(6) NOT NULL,
  `skintone` smallint(6) NOT NULL,
  `tattoo` smallint(6) NOT NULL,
  `facialdetailcolor` smallint(6) NOT NULL,
  `leggins` smallint(6) NOT NULL,
  PRIMARY KEY (`charid`)
) ENGINE=MyISAM DEFAULT CHARSET=utf8;

-- Exportiere Daten aus Tabelle reality_hd.rsivalues: 31 rows
/*!40000 ALTER TABLE `rsivalues` DISABLE KEYS */;
INSERT IGNORE INTO `rsivalues` (`charid`, `sex`, `body`, `hat`, `face`, `shirt`, `coat`, `pants`, `shoes`, `gloves`, `glasses`, `hair`, `facialdetail`, `shirtcolor`, `pantscolor`, `coatcolor`, `shoecolor`, `glassescolor`, `haircolor`, `skintone`, `tattoo`, `facialdetailcolor`, `leggins`) VALUES
	(2, 0, 2, 0, 0, 6, 12, 4, 0, 0, 8, 8, 0, 33, 0, 4, 0, 15, 1, 0, 0, 0, 1),
	(3, 0, 2, 0, 0, 2, 12, 4, 0, 0, 8, 8, 0, 0, 0, 19, 0, 15, 1, 0, 0, 0, 0),
	(4, 1, 3, 0, 19, 12, 0, 1, 1, 4, 34, 9, 0, 22, 0, 0, 2, 1, 0, 10, 3, 0, 0),
	(45, 0, 0, 0, 0, 4, 0, 0, 0, 0, 0, 0, 0, 4, 0, 0, 0, 0, 0, 0, 5, 0, 0),
	(46, 0, 0, 0, 0, 5, 0, 0, 0, 0, 0, 0, 0, 5, 0, 0, 0, 0, 0, 0, 1, 0, 0),
	(47, 0, 0, 0, 0, 5, 0, 0, 0, 0, 0, 0, 0, 5, 0, 0, 0, 0, 0, 0, 1, 0, 0),
	(48, 0, 0, 0, 0, 5, 0, 0, 0, 0, 0, 0, 0, 5, 0, 0, 0, 0, 0, 0, 1, 0, 0),
	(49, 0, 0, 0, 0, 5, 0, 0, 0, 0, 0, 0, 0, 5, 0, 0, 0, 0, 0, 0, 5, 0, 0),
	(50, 0, 0, 0, 0, 5, 0, 0, 0, 0, 0, 0, 0, 5, 0, 0, 0, 0, 0, 0, 5, 0, 0),
	(51, 0, 0, 0, 0, 5, 0, 0, 0, 0, 0, 0, 0, 5, 0, 0, 0, 0, 0, 0, 7, 0, 0),
	(52, 0, 0, 0, 0, 5, 0, 0, 0, 0, 0, 0, 0, 5, 0, 0, 0, 0, 0, 0, 1, 0, 0),
	(54, 0, 0, 0, 0, 2, 0, 10, 10, 0, 10, 0, 0, 2, 10, 0, 10, 10, 0, 0, 5, 0, 0),
	(55, 0, 0, 0, 0, 2, 0, 4, 4, 0, 4, 0, 0, 2, 4, 0, 4, 4, 0, 0, 5, 3, 0),
	(56, 0, 0, 0, 0, 2, 0, 4, 4, 0, 4, 0, 0, 2, 4, 0, 4, 4, 0, 0, 5, 3, 0),
	(97, 0, 1, 0, 2, 2, 0, 1, 1, 0, 1, 2, 0, 2, 1, 0, 1, 1, 0, 6, 1, 0, 0),
	(98, 0, 2, 0, 2, 0, 0, 0, 0, 0, 0, 10, 0, 0, 0, 0, 0, 0, 4, 6, 6, 0, 0),
	(99, 0, 2, 0, 104, 0, 0, 0, 0, 0, 0, 0, 0, 0, 0, 0, 0, 0, 0, 0, 0, 0, 0),
	(100, 0, 0, 0, 0, 0, 0, 0, 0, 0, 0, 0, 0, 0, 0, 0, 0, 0, 0, 0, 0, 0, 0),
	(101, 0, 2, 0, 2, 2, 0, 4, 4, 0, 4, 11, 0, 2, 4, 0, 4, 4, 5, 0, 6, 0, 0),
	(102, 1, 1, 0, 0, 5, 0, 0, 0, 0, 0, 7, 0, 5, 0, 0, 0, 0, 2, 14, 0, 0, 0),
	(103, 1, 1, 0, 0, 5, 0, 0, 0, 0, 0, 1, 0, 5, 0, 0, 0, 0, 1, 0, 1, 0, 0),
	(104, 0, 1, 0, 102, 2, 0, 1, 1, 0, 1, 1, 0, 2, 1, 0, 1, 1, 0, 6, 1, 0, 0),
	(105, 0, 2, 0, 0, 7, 0, 4, 4, 0, 4, 0, 0, 7, 4, 0, 4, 4, 0, 0, 4, 0, 0),
	(106, 0, 3, 0, 0, 7, 0, 4, 4, 0, 4, 0, 0, 7, 4, 0, 4, 4, 0, 2, 4, 0, 0),
	(107, 0, 2, 0, 0, 7, 0, 4, 4, 0, 4, 0, 0, 7, 4, 0, 4, 4, 0, 0, 4, 0, 0),
	(108, 0, 2, 0, 0, 7, 0, 10, 10, 0, 10, 11, 0, 7, 10, 0, 10, 10, 26, 12, 7, 0, 0),
	(109, 0, 1, 0, 1, 2, 0, 4, 4, 0, 4, 17, 0, 2, 4, 0, 4, 4, 17, 0, 7, 0, 0),
	(110, 0, 2, 0, 0, 1, 0, 4, 4, 0, 4, 17, 0, 1, 4, 0, 4, 4, 6, 2, 6, 0, 0),
	(111, 1, 2, 0, 0, 5, 0, 0, 0, 0, 0, 10, 0, 5, 0, 0, 0, 0, 13, 0, 0, 0, 0),
	(113, 1, 1, 0, 0, 6, 1, 0, 0, 0, 0, 1, 0, 33, 0, 9, 0, 0, 1, 0, 1, 0, 1),
	(96, 0, 2, 0, 2, 2, 0, 4, 4, 0, 4, 0, 0, 2, 4, 0, 4, 4, 5, 0, 7, 0, 0);
/*!40000 ALTER TABLE `rsivalues` ENABLE KEYS */;

-- Exportiere Struktur von Tabelle reality_hd.users
CREATE TABLE IF NOT EXISTS `users` (
  `userId` int(11) unsigned NOT NULL AUTO_INCREMENT,
  `username` varchar(32) NOT NULL,
  `passwordSalt` varchar(32) NOT NULL,
  `passwordHash` varchar(40) NOT NULL,
  `publicExponent` smallint(11) unsigned NOT NULL DEFAULT '0',
  `publicModulus` tinyblob,
  `privateExponent` tinyblob,
  `timeCreated` int(10) unsigned NOT NULL,
  `account_status` int(11) NOT NULL DEFAULT '0' COMMENT 'if banned',
  `sessionid` varchar(100) DEFAULT NULL,
  `passwordmd5` varchar(40) DEFAULT NULL,
  UNIQUE KEY `id` (`userId`),
  UNIQUE KEY `username` (`username`)
) ENGINE=MyISAM AUTO_INCREMENT=50 DEFAULT CHARSET=latin1;

-- Exportiere Daten aus Tabelle reality_hd.users: 3 rows
/*!40000 ALTER TABLE `users` DISABLE KEYS */;
INSERT IGNORE INTO `users` (`userId`, `username`, `passwordSalt`, `passwordHash`, `publicExponent`, `publicModulus`, `privateExponent`, `timeCreated`, `account_status`, `sessionid`, `passwordmd5`) VALUES
	(28, 'loluser', 'yYygfF9c', 'ba2bb6cc7d44b5b63dd4cef48baed88c', 17, _binary 0xED7707AB64F87A51DD9020F73752E9455386A402BB539C64F8A4310EC211499DD503DA74187EE109C325CF07EC0A2FCF904C15CF38918B9782578D589294B6BC0033802EE099E8A8163D3A1D8E1A7B3238CE4B58A20C01B47180823C3ADC0B1D, _binary 0x5ACBA10CD3C86B012F1176042BBDD1A990E0A81F2981D9EA5F119A496851E7710DAEA65990E537ED24F7DE37BC22033809A6D66CAB7205376859C0794708D71A6279537218A3D3496096AD23532179F1BB71315E64FFBEE609B98D8F08E05887, 1250413439, 0, '', 'ba2bb6cc7d44b5b63dd4cef48baed88c'),
	(33, 'loluser2', 'yYygfF9c', 'ba2bb6cc7d44b5b63dd4cef48baed88c', 17, _binary 0xED7707AB64F87A51DD9020F73752E9455386A402BB539C64F8A4310EC211499DD503DA74187EE109C325CF07EC0A2FCF904C15CF38918B9782578D589294B6BC0033802EE099E8A8163D3A1D8E1A7B3238CE4B58A20C01B47180823C3ADC0B1D, _binary 0x5ACBA10CD3C86B012F1176042BBDD1A990E0A81F2981D9EA5F119A496851E7710DAEA65990E537ED24F7DE37BC22033809A6D66CAB7205376859C0794708D71A6279537218A3D3496096AD23532179F1BB71315E64FFBEE609B98D8F08E05887, 1250413439, 0, '', 'ba2bb6cc7d44b5b63dd4cef48baed88c'),
	(48, 'loluser10', '', '372e291d08e14dd748faa8557d9f2839', 17, _binary 0xED7707AB64F87A51DD9020F73752E9455386A402BB539C64F8A4310EC211499DD503DA74187EE109C325CF07EC0A2FCF904C15CF38918B9782578D589294B6BC0033802EE099E8A8163D3A1D8E1A7B3238CE4B58A20C01B47180823C3ADC0B1D, _binary 0x5ACBA10CD3C86B012F1176042BBDD1A990E0A81F2981D9EA5F119A496851E7710DAEA65990E537ED24F7DE37BC22033809A6D66CAB7205376859C0794708D71A6279537218A3D3496096AD23532179F1BB71315E64FFBEE609B98D8F08E05887, 1485602197, 0, NULL, '372e291d08e14dd748faa8557d9f2839');
/*!40000 ALTER TABLE `users` ENABLE KEYS */;

-- Exportiere Struktur von Tabelle reality_hd.worlds
CREATE TABLE IF NOT EXISTS `worlds` (
  `worldId` smallint(5) unsigned NOT NULL AUTO_INCREMENT,
  `name` varchar(20) NOT NULL,
  `type` tinyint(11) unsigned NOT NULL DEFAULT '1' COMMENT '1 for no pvp, 2 for pvp',
  `status` tinyint(11) unsigned NOT NULL DEFAULT '1' COMMENT 'World Status (Down, Open etc.)',
  `load` tinyint(3) unsigned NOT NULL DEFAULT '49',
  `numPlayers` int(10) unsigned NOT NULL DEFAULT '0',
  PRIMARY KEY (`worldId`)
) ENGINE=MyISAM AUTO_INCREMENT=5 DEFAULT CHARSET=latin1;

-- Exportiere Daten aus Tabelle reality_hd.worlds: 1 rows
/*!40000 ALTER TABLE `worlds` DISABLE KEYS */;
INSERT IGNORE INTO `worlds` (`worldId`, `name`, `type`, `status`, `load`, `numPlayers`) VALUES
	(1, 'Recursion', 1, 1, 49, 0);
/*!40000 ALTER TABLE `worlds` ENABLE KEYS */;

/*!40101 SET SQL_MODE=IFNULL(@OLD_SQL_MODE, '') */;
/*!40014 SET FOREIGN_KEY_CHECKS=IF(@OLD_FOREIGN_KEY_CHECKS IS NULL, 1, @OLD_FOREIGN_KEY_CHECKS) */;
/*!40101 SET CHARACTER_SET_CLIENT=@OLD_CHARACTER_SET_CLIENT */;
